TRAAAAV128F421A322,4623710,i,6,0
TRAAAAV128F421A322,4623710,the,4,0
TRAAAAV128F421A322,4623710,you,2,0
TRAAAAV128F421A322,4623710,to,2,0
TRAAAAV128F421A322,4623710,and,5,0
TRAAAAV128F421A322,4623710,a,3,0
TRAAAAV128F421A322,4623710,me,1,0
TRAAAAV128F421A322,4623710,it,1,0
TRAAAAV128F421A322,4623710,my,1,0
TRAAAAV128F421A322,4623710,is,2,0
TRAAAAV128F421A322,4623710,of,3,0
TRAAAAV128F421A322,4623710,your,1,0
TRAAAAV128F421A322,4623710,that,1,0
TRAAAAV128F421A322,4623710,are,2,0
TRAAAAV128F421A322,4623710,we,2,0
TRAAAAV128F421A322,4623710,am,2,0
TRAAAAV128F421A322,4623710,will,2,0
TRAAAAV128F421A322,4623710,for,4,0
TRAAAAV128F421A322,4623710,be,1,0
TRAAAAV128F421A322,4623710,have,2,0
TRAAAAV128F421A322,4623710,so,1,0
TRAAAAV128F421A322,4623710,this,1,0
TRAAAAV128F421A322,4623710,like,2,0
TRAAAAV128F421A322,4623710,de,1,0
TRAAAAV128F421A322,4623710,up,1,0
TRAAAAV128F421A322,4623710,was,2,0
TRAAAAV128F421A322,4623710,if,1,0
TRAAAAV128F421A322,4623710,got,1,0
TRAAAAV128F421A322,4623710,would,1,0
TRAAAAV128F421A322,4623710,been,1,0
TRAAAAV128F421A322,4623710,these,2,0
TRAAAAV128F421A322,4623710,seem,1,0
TRAAAAV128F421A322,4623710,someon,1,0
TRAAAAV128F421A322,4623710,understand,1,0
TRAAAAV128F421A322,4623710,pass,1,0
TRAAAAV128F421A322,4623710,river,1,0
TRAAAAV128F421A322,4623710,met,1,0
TRAAAAV128F421A322,4623710,piec,1,0
TRAAAAV128F421A322,4623710,damn,1,0
TRAAAAV128F421A322,4623710,worth,1,0
TRAAAAV128F421A322,4623710,flesh,1,0
TRAAAAV128F421A322,4623710,grace,1,0
TRAAAAV128F421A322,4623710,poor,2,0
TRAAAAV128F421A322,4623710,somehow,1,0
TRAAAAV128F421A322,4623710,ignor,1,0
TRAAAAV128F421A322,4623710,passion,1,0
TRAAAAV128F421A322,4623710,tide,1,0
TRAAAAV128F421A322,4623710,season,1,0
TRAAAAV128F421A322,4623710,seed,1,0
TRAAAAV128F421A322,4623710,resist,1,0
TRAAAAV128F421A322,4623710,order,2,0
TRAAAAV128F421A322,4623710,piti,1,0
TRAAAAV128F421A322,4623710,fashion,1,0
TRAAAAV128F421A322,4623710,grant,1,0
TRAAAAV128F421A322,4623710,captur,2,0
TRAAAAV128F421A322,4623710,ici,1,0
TRAAAAV128F421A322,4623710,soil,1,0
TRAAAAV128F421A322,4623710,patienc,1,0
TRAAAAV128F421A322,4623710,social,2,0
TRAAAAV128F421A322,4623710,highest,2,0
TRAAAAV128F421A322,4623710,slice,1,0
TRAAAAV128F421A322,4623710,leaf,1,0
TRAAAAV128F421A322,4623710,lifeless,1,0
TRAAAAV128F421A322,4623710,arrang,1,0
TRAAAAV128F421A322,4623710,wilder,1,0
TRAAAAV128F421A322,4623710,shark,1,0
TRAAAAV128F421A322,4623710,devast,1,0
TRAAAAV128F421A322,4623710,element,1,0
TRAAABD128F429CF47,6477168,i,10,0
TRAAABD128F429CF47,6477168,you,17,0
TRAAABD128F429CF47,6477168,to,8,0
TRAAABD128F429CF47,6477168,and,2,0
TRAAABD128F429CF47,6477168,a,2,0
TRAAABD128F429CF47,6477168,me,1,0
TRAAABD128F429CF47,6477168,it,3,0
TRAAABD128F429CF47,6477168,not,2,0
TRAAABD128F429CF47,6477168,in,3,0
TRAAABD128F429CF47,6477168,my,4,0
TRAAABD128F429CF47,6477168,is,3,0
TRAAABD128F429CF47,6477168,your,7,0
TRAAABD128F429CF47,6477168,that,5,0
TRAAABD128F429CF47,6477168,do,5,0
TRAAABD128F429CF47,6477168,are,6,0
TRAAABD128F429CF47,6477168,for,4,0
TRAAABD128F429CF47,6477168,no,1,0
TRAAABD128F429CF47,6477168,have,6,0
TRAAABD128F429CF47,6477168,so,2,0
TRAAABD128F429CF47,6477168,know,5,0
TRAAABD128F429CF47,6477168,but,3,0
TRAAABD128F429CF47,6477168,what,3,0
TRAAABD128F429CF47,6477168,when,2,0
TRAAABD128F429CF47,6477168,time,3,0
TRAAABD128F429CF47,6477168,can,1,0
TRAAABD128F429CF47,6477168,there,5,0
TRAAABD128F429CF47,6477168,la,7,0
TRAAABD128F429CF47,6477168,get,2,0
TRAAABD128F429CF47,6477168,got,3,0
TRAAABD128F429CF47,6477168,never,2,0
TRAAABD128F429CF47,6477168,feel,2,0
TRAAABD128F429CF47,6477168,want,2,0
TRAAABD128F429CF47,6477168,would,2,0
TRAAABD128F429CF47,6477168,day,4,0
TRAAABD128F429CF47,6477168,away,2,0
TRAAABD128F429CF47,6477168,yeah,4,0
TRAAABD128F429CF47,6477168,heart,5,0
TRAAABD128F429CF47,6477168,could,2,0
TRAAABD128F429CF47,6477168,need,3,0
TRAAABD128F429CF47,6477168,our,2,0
TRAAABD128F429CF47,6477168,look,2,0
TRAAABD128F429CF47,6477168,where,2,0
TRAAABD128F429CF47,6477168,thing,2,0
TRAAABD128F429CF47,6477168,think,1,0
TRAAABD128F429CF47,6477168,live,1,0
TRAAABD128F429CF47,6477168,onli,2,0
TRAAABD128F429CF47,6477168,tri,1,0
TRAAABD128F429CF47,6477168,keep,3,0
TRAAABD128F429CF47,6477168,dream,2,0
TRAAABD128F429CF47,6477168,wanna,3,0
TRAAABD128F429CF47,6477168,find,3,0
TRAAABD128F429CF47,6477168,hear,1,0
TRAAABD128F429CF47,6477168,believ,1,0
TRAAABD128F429CF47,6477168,everyth,2,0
TRAAABD128F429CF47,6477168,someth,4,0
TRAAABD128F429CF47,6477168,insid,2,0
TRAAABD128F429CF47,6477168,chang,2,0
TRAAABD128F429CF47,6477168,soul,7,0
TRAAABD128F429CF47,6477168,new,1,0
TRAAABD128F429CF47,6477168,start,2,0
TRAAABD128F429CF47,6477168,pleas,2,0
TRAAABD128F429CF47,6477168,true,1,0
TRAAABD128F429CF47,6477168,while,2,0
TRAAABD128F429CF47,6477168,deep,4,0
TRAAABD128F429CF47,6477168,beat,1,0
TRAAABD128F429CF47,6477168,after,2,0
TRAAABD128F429CF47,6477168,fade,2,0
TRAAABD128F429CF47,6477168,wast,3,0
TRAAABD128F429CF47,6477168,trust,1,0
TRAAABD128F429CF47,6477168,alreadi,2,0
TRAAABD128F429CF47,6477168,style,2,0
TRAAABD128F429CF47,6477168,asleep,1,0
TRAAABD128F429CF47,6477168,wors,2,0
TRAAABD128F429CF47,6477168,goal,2,0
TRAAAED128E0783FAB,2516445,i,28,0
TRAAAED128E0783FAB,2516445,the,15,0
TRAAAED128E0783FAB,2516445,you,2,0
TRAAAED128E0783FAB,2516445,to,12,0
TRAAAED128E0783FAB,2516445,and,22,0
TRAAAED128E0783FAB,2516445,a,2,0
TRAAAED128E0783FAB,2516445,me,2,0
TRAAAED128E0783FAB,2516445,it,4,0
TRAAAED128E0783FAB,2516445,not,2,0
TRAAAED128E0783FAB,2516445,in,1,0
TRAAAED128E0783FAB,2516445,my,20,0
TRAAAED128E0783FAB,2516445,is,3,0
TRAAAED128E0783FAB,2516445,of,1,0
TRAAAED128E0783FAB,2516445,that,7,0
TRAAAED128E0783FAB,2516445,do,2,0
TRAAAED128E0783FAB,2516445,on,1,0
TRAAAED128E0783FAB,2516445,are,2,0
TRAAAED128E0783FAB,2516445,am,8,0
TRAAAED128E0783FAB,2516445,will,13,0
TRAAAED128E0783FAB,2516445,for,6,0
TRAAAED128E0783FAB,2516445,be,4,0
TRAAAED128E0783FAB,2516445,have,3,0
TRAAAED128E0783FAB,2516445,love,11,0
TRAAAED128E0783FAB,2516445,so,9,0
TRAAAED128E0783FAB,2516445,this,4,0
TRAAAED128E0783FAB,2516445,but,1,0
TRAAAED128E0783FAB,2516445,just,1,0
TRAAAED128E0783FAB,2516445,when,3,0
TRAAAED128E0783FAB,2516445,like,1,0
TRAAAED128E0783FAB,2516445,time,6,0
TRAAAED128E0783FAB,2516445,come,4,0
TRAAAED128E0783FAB,2516445,go,1,0
TRAAAED128E0783FAB,2516445,one,4,0
TRAAAED128E0783FAB,2516445,out,2,0
TRAAAED128E0783FAB,2516445,down,1,0
TRAAAED128E0783FAB,2516445,if,2,0
TRAAAED128E0783FAB,2516445,got,7,0
TRAAAED128E0783FAB,2516445,from,1,0
TRAAAED128E0783FAB,2516445,feel,2,0
TRAAAED128E0783FAB,2516445,make,10,0
TRAAAED128E0783FAB,2516445,way,9,0
TRAAAED128E0783FAB,2516445,take,5,0
TRAAAED128E0783FAB,2516445,day,3,0
TRAAAED128E0783FAB,2516445,by,1,0
TRAAAED128E0783FAB,2516445,her,6,0
TRAAAED128E0783FAB,2516445,heart,3,0
TRAAAED128E0783FAB,2516445,could,1,0
TRAAAED128E0783FAB,2516445,look,3,0
TRAAAED128E0783FAB,2516445,where,1,0
TRAAAED128E0783FAB,2516445,more,7,0
TRAAAED128E0783FAB,2516445,been,2,0
TRAAAED128E0783FAB,2516445,who,4,0
TRAAAED128E0783FAB,2516445,through,6,0
TRAAAED128E0783FAB,2516445,onli,3,0
TRAAAED128E0783FAB,2516445,tri,5,0
TRAAAED128E0783FAB,2516445,whi,1,0
TRAAAED128E0783FAB,2516445,dream,3,0
TRAAAED128E0783FAB,2516445,well,1,0
TRAAAED128E0783FAB,2516445,an,6,0
TRAAAED128E0783FAB,2516445,long,1,0
TRAAAED128E0783FAB,2516445,girl,3,0
TRAAAED128E0783FAB,2516445,find,8,0
TRAAAED128E0783FAB,2516445,good,1,0
TRAAAED128E0783FAB,2516445,about,6,0
TRAAAED128E0783FAB,2516445,some,8,0
TRAAAED128E0783FAB,2516445,littl,1,0
TRAAAED128E0783FAB,2516445,wait,1,0
TRAAAED128E0783FAB,2516445,run,1,0
TRAAAED128E0783FAB,2516445,walk,2,0
TRAAAED128E0783FAB,2516445,gone,1,0
TRAAAED128E0783FAB,2516445,someth,1,0
TRAAAED128E0783FAB,2516445,befor,1,0
TRAAAED128E0783FAB,2516445,much,6,0
TRAAAED128E0783FAB,2516445,anoth,1,0
TRAAAED128E0783FAB,2516445,new,1,0
TRAAAED128E0783FAB,2516445,tonight,3,0
TRAAAED128E0783FAB,2516445,burn,1,0
TRAAAED128E0783FAB,2516445,thought,1,0
TRAAAED128E0783FAB,2516445,realli,1,0
TRAAAED128E0783FAB,2516445,hard,1,0
TRAAAED128E0783FAB,2516445,care,1,0
TRAAAED128E0783FAB,2516445,put,1,0
TRAAAED128E0783FAB,2516445,seem,1,0
TRAAAED128E0783FAB,2516445,mine,4,0
TRAAAED128E0783FAB,2516445,fire,1,0
TRAAAED128E0783FAB,2516445,someon,4,0
TRAAAED128E0783FAB,2516445,while,1,0
TRAAAED128E0783FAB,2516445,doe,1,0
TRAAAED128E0783FAB,2516445,smile,1,0
TRAAAED128E0783FAB,2516445,open,6,0
TRAAAED128E0783FAB,2516445,door,7,0
TRAAAED128E0783FAB,2516445,mayb,3,0
TRAAAED128E0783FAB,2516445,may,2,0
TRAAAED128E0783FAB,2516445,sometim,1,0
TRAAAED128E0783FAB,2516445,lone,3,0
TRAAAED128E0783FAB,2516445,chanc,3,0
TRAAAED128E0783FAB,2516445,air,1,0
TRAAAED128E0783FAB,2516445,water,1,0
TRAAAED128E0783FAB,2516445,readi,4,0
TRAAAED128E0783FAB,2516445,past,1,0
TRAAAED128E0783FAB,2516445,happen,1,0
TRAAAED128E0783FAB,2516445,pretti,1,0
TRAAAED128E0783FAB,2516445,differ,1,0
TRAAAED128E0783FAB,2516445,faith,1,0
TRAAAED128E0783FAB,2516445,search,1,0
TRAAAED128E0783FAB,2516445,flame,1,0
TRAAAED128E0783FAB,2516445,piec,1,0
TRAAAED128E0783FAB,2516445,cos,3,0
TRAAAED128E0783FAB,2516445,meant,1,0
TRAAAED128E0783FAB,2516445,higher,1,0
TRAAAED128E0783FAB,2516445,edg,1,0
TRAAAED128E0783FAB,2516445,surpris,1,0
TRAAAED128E0783FAB,2516445,person,1,0
TRAAAED128E0783FAB,2516445,twice,1,0
TRAAAED128E0783FAB,2516445,noon,1,0
TRAAAED128E0783FAB,2516445,thin,1,0
TRAAAED128E0783FAB,2516445,celebr,3,0
TRAAAED128E0783FAB,2516445,inspir,1,0
TRAAAED128E0783FAB,2516445,advic,1,0
TRAAAED128E0783FAB,2516445,ideal,1,0
TRAAAEF128F4273421,3759847,i,5,0
TRAAAEF128F4273421,3759847,the,4,0
TRAAAEF128F4273421,3759847,you,3,0
TRAAAEF128F4273421,3759847,to,2,0
TRAAAEF128F4273421,3759847,and,1,0
TRAAAEF128F4273421,3759847,a,11,0
TRAAAEF128F4273421,3759847,not,4,0
TRAAAEF128F4273421,3759847,is,9,0
TRAAAEF128F4273421,3759847,of,3,0
TRAAAEF128F4273421,3759847,that,2,0
TRAAAEF128F4273421,3759847,do,1,0
TRAAAEF128F4273421,3759847,are,1,0
TRAAAEF128F4273421,3759847,for,3,0
TRAAAEF128F4273421,3759847,know,1,0
TRAAAEF128F4273421,3759847,this,1,0
TRAAAEF128F4273421,3759847,with,1,0
TRAAAEF128F4273421,3759847,when,1,0
TRAAAEF128F4273421,3759847,can,1,0
TRAAAEF128F4273421,3759847,she,3,0
TRAAAEF128F4273421,3759847,if,1,0
TRAAAEF128F4273421,3759847,got,3,0
TRAAAEF128F4273421,3759847,from,1,0
TRAAAEF128F4273421,3759847,feel,1,0
TRAAAEF128F4273421,3759847,let,1,0
TRAAAEF128F4273421,3759847,would,3,0
TRAAAEF128F4273421,3759847,her,1,0
TRAAAEF128F4273421,3759847,eye,1,0
TRAAAEF128F4273421,3759847,world,1,0
TRAAAEF128F4273421,3759847,right,1,0
TRAAAEF128F4273421,3759847,think,1,0
TRAAAEF128F4273421,3759847,through,1,0
TRAAAEF128F4273421,3759847,or,1,0
TRAAAEF128F4273421,3759847,wo,1,0
TRAAAEF128F4273421,3759847,girl,17,0
TRAAAEF128F4273421,3759847,everi,9,0
TRAAAEF128F4273421,3759847,had,1,0
TRAAAEF128F4273421,3759847,has,1,0
TRAAAEF128F4273421,3759847,someth,13,0
TRAAAEF128F4273421,3759847,tonight,1,0
TRAAAEF128F4273421,3759847,old,1,0
TRAAAEF128F4273421,3759847,boy,1,0
TRAAAEF128F4273421,3759847,mine,1,0
TRAAAEF128F4273421,3759847,someon,1,0
TRAAAEF128F4273421,3759847,star,1,0
TRAAAEF128F4273421,3759847,while,1,0
TRAAAEF128F4273421,3759847,wish,1,0
TRAAAEF128F4273421,3759847,smile,1,0
TRAAAEF128F4273421,3759847,shine,1,0
TRAAAEF128F4273421,3759847,yourself,1,0
TRAAAEF128F4273421,3759847,ask,3,0
TRAAAEF128F4273421,3759847,white,1,0
TRAAAEF128F4273421,3759847,three,1,0
TRAAAEF128F4273421,3759847,send,1,0
TRAAAEF128F4273421,3759847,treat,1,0
TRAAAEF128F4273421,3759847,relax,1,0
TRAAAEF128F4273421,3759847,tip,1,0
TRAAAEF128F4273421,3759847,pearl,1,0
TRAAAEF128F4273421,3759847,curl,1,0
TRAAAEF128F4273421,3759847,adam,1,0
TRAAAEW128F42930C0,3783760,i,4,0
TRAAAEW128F42930C0,3783760,to,5,0
TRAAAEW128F42930C0,3783760,and,7,0
TRAAAEW128F42930C0,3783760,a,2,0
TRAAAEW128F42930C0,3783760,me,4,0
TRAAAEW128F42930C0,3783760,not,1,0
TRAAAEW128F42930C0,3783760,in,1,0
TRAAAEW128F42930C0,3783760,my,9,0
TRAAAEW128F42930C0,3783760,that,1,0
TRAAAEW128F42930C0,3783760,on,2,0
TRAAAEW128F42930C0,3783760,am,3,0
TRAAAEW128F42930C0,3783760,all,1,0
TRAAAEW128F42930C0,3783760,with,5,0
TRAAAEW128F42930C0,3783760,like,1,0
TRAAAEW128F42930C0,3783760,up,1,0
TRAAAEW128F42930C0,3783760,take,1,0
TRAAAEW128F42930C0,3783760,would,1,0
TRAAAEW128F42930C0,3783760,or,3,0
TRAAAEW128F42930C0,3783760,an,1,0
TRAAAEW128F42930C0,3783760,wo,1,0
TRAAAEW128F42930C0,3783760,someth,1,0
TRAAAEW128F42930C0,3783760,stay,1,0
TRAAAEW128F42930C0,3783760,burn,11,0
TRAAAEW128F42930C0,3783760,made,1,0
TRAAAEW128F42930C0,3783760,use,1,0
TRAAAEW128F42930C0,3783760,someon,1,0
TRAAAEW128F42930C0,3783760,those,1,0
TRAAAEW128F42930C0,3783760,breath,1,0
TRAAAEW128F42930C0,3783760,done,1,0
TRAAAEW128F42930C0,3783760,touch,1,0
TRAAAEW128F42930C0,3783760,bodi,7,0
TRAAAEW128F42930C0,3783760,fade,1,0
TRAAAEW128F42930C0,3783760,sad,1,0
TRAAAEW128F42930C0,3783760,stone,1,0
TRAAAEW128F42930C0,3783760,tight,1,0
TRAAAEW128F42930C0,3783760,space,1,0
TRAAAEW128F42930C0,3783760,color,1,0
TRAAAEW128F42930C0,3783760,mess,1,0
TRAAAEW128F42930C0,3783760,tie,1,0
TRAAAEW128F42930C0,3783760,paint,1,0
TRAAAEW128F42930C0,3783760,cast,1,0
TRAAAEW128F42930C0,3783760,fix,1,0
TRAAAEW128F42930C0,3783760,bend,1,0
TRAAAEW128F42930C0,3783760,melt,1,0
TRAAAEW128F42930C0,3783760,grey,1,0
TRAAAEW128F42930C0,3783760,ash,1,0
TRAAAEW128F42930C0,3783760,wire,1,0
TRAAAEW128F42930C0,3783760,liar,1,0
TRAAAEW128F42930C0,3783760,stain,1,0
TRAAAEW128F42930C0,3783760,wet,1,0
TRAAAEW128F42930C0,3783760,mix,3,0
TRAAAEW128F42930C0,3783760,numb,1,0
TRAAAEW128F42930C0,3783760,rust,1,0
TRAAAEW128F42930C0,3783760,burnt,1,0
TRAAAEW128F42930C0,3783760,debt,1,0
TRAAAEW128F42930C0,3783760,lifeless,1,0
TRAAAEW128F42930C0,3783760,dissolv,1,0
TRAAAEW128F42930C0,3783760,mold,1,0
TRAAAEW128F42930C0,3783760,clay,1,0
TRAAAEW128F42930C0,3783760,print,1,0
TRAAAEW128F42930C0,3783760,wax,1,0
TRAAAEW128F42930C0,3783760,ink,1,0
TRAAAEW128F42930C0,3783760,leak,1,0
TRAAAFD128F92F423A,6640025,i,16,0
TRAAAFD128F92F423A,6640025,the,4,0
TRAAAFD128F92F423A,6640025,to,1,0
TRAAAFD128F92F423A,6640025,and,3,0
TRAAAFD128F92F423A,6640025,a,5,0
TRAAAFD128F92F423A,6640025,me,5,0
TRAAAFD128F92F423A,6640025,it,3,0
TRAAAFD128F92F423A,6640025,not,4,0
TRAAAFD128F92F423A,6640025,in,3,0
TRAAAFD128F92F423A,6640025,my,2,0
TRAAAFD128F92F423A,6640025,is,6,0
TRAAAFD128F92F423A,6640025,of,3,0
TRAAAFD128F92F423A,6640025,do,1,0
TRAAAFD128F92F423A,6640025,on,2,0
TRAAAFD128F92F423A,6640025,are,2,0
TRAAAFD128F92F423A,6640025,am,4,0
TRAAAFD128F92F423A,6640025,all,2,0
TRAAAFD128F92F423A,6640025,for,1,0
TRAAAFD128F92F423A,6640025,no,1,0
TRAAAFD128F92F423A,6640025,have,4,0
TRAAAFD128F92F423A,6640025,this,1,0
TRAAAFD128F92F423A,6640025,just,1,0
TRAAAFD128F92F423A,6640025,now,1,0
TRAAAFD128F92F423A,6640025,there,2,0
TRAAAFD128F92F423A,6640025,one,1,0
TRAAAFD128F92F423A,6640025,got,1,0
TRAAAFD128F92F423A,6640025,never,1,0
TRAAAFD128F92F423A,6640025,from,1,0
TRAAAFD128F92F423A,6640025,feel,1,0
TRAAAFD128F92F423A,6640025,way,2,0
TRAAAFD128F92F423A,6640025,take,1,0
TRAAAFD128F92F423A,6640025,would,1,0
TRAAAFD128F92F423A,6640025,away,4,0
TRAAAFD128F92F423A,6640025,how,1,0
TRAAAFD128F92F423A,6640025,could,1,0
TRAAAFD128F92F423A,6640025,world,1,0
TRAAAFD128F92F423A,6640025,caus,1,0
TRAAAFD128F92F423A,6640025,die,2,0
TRAAAFD128F92F423A,6640025,been,1,0
TRAAAFD128F92F423A,6640025,think,1,0
TRAAAFD128F92F423A,6640025,again,1,0
TRAAAFD128F92F423A,6640025,dream,2,0
TRAAAFD128F92F423A,6640025,his,2,0
TRAAAFD128F92F423A,6640025,over,2,0
TRAAAFD128F92F423A,6640025,turn,2,0
TRAAAFD128F92F423A,6640025,then,1,0
TRAAAFD128F92F423A,6640025,walk,1,0
TRAAAFD128F92F423A,6640025,face,1,0
TRAAAFD128F92F423A,6640025,word,1,0
TRAAAFD128F92F423A,6640025,place,1,0
TRAAAFD128F92F423A,6640025,better,1,0
TRAAAFD128F92F423A,6640025,him,2,0
TRAAAFD128F92F423A,6640025,someon,3,0
TRAAAFD128F92F423A,6640025,those,1,0
TRAAAFD128F92F423A,6640025,while,1,0
TRAAAFD128F92F423A,6640025,kill,3,0
TRAAAFD128F92F423A,6640025,done,1,0
TRAAAFD128F92F423A,6640025,matter,1,0
TRAAAFD128F92F423A,6640025,lay,2,0
TRAAAFD128F92F423A,6640025,red,4,0
TRAAAFD128F92F423A,6640025,memori,2,0
TRAAAFD128F92F423A,6640025,tire,1,0
TRAAAFD128F92F423A,6640025,clear,2,0
TRAAAFD128F92F423A,6640025,felt,1,0
TRAAAFD128F92F423A,6640025,secret,1,0
TRAAAFD128F92F423A,6640025,wave,2,0
TRAAAFD128F92F423A,6640025,mouth,1,0
TRAAAFD128F92F423A,6640025,win,1,0
TRAAAFD128F92F423A,6640025,exist,1,0
TRAAAFD128F92F423A,6640025,swear,1,0
TRAAAFD128F92F423A,6640025,none,1,0
TRAAAFD128F92F423A,6640025,ash,1,0
TRAAAFD128F92F423A,6640025,ador,1,0
TRAAAFD128F92F423A,6640025,eras,1,0
TRAAAFD128F92F423A,6640025,worst,2,0
TRAAAFD128F92F423A,6640025,sale,1,0
TRAAAFD128F92F423A,6640025,settl,2,0
TRAAAFD128F92F423A,6640025,seal,1,0
TRAAAFD128F92F423A,6640025,worn,1,0
TRAAAFD128F92F423A,6640025,limb,2,0
TRAAAFD128F92F423A,6640025,concern,1,0
TRAAAFD128F92F423A,6640025,runaway,2,0
TRAAAGF12903CEC202,5493388,en,1,0
TRAAAGF12903CEC202,5493388,e,1,0
TRAAAGF12903CEC202,5493388,end,1,0
TRAAAGF12903CEC202,5493388,du,2,0
TRAAAGF12903CEC202,5493388,et,1,0
TRAAAGF12903CEC202,5493388,fine,1,0
TRAAAGF12903CEC202,5493388,som,1,0
TRAAAGF12903CEC202,5493388,n,1,0
TRAAAGF12903CEC202,5493388,ei,1,0
TRAAAGF12903CEC202,5493388,og,1,0
TRAAAGF12903CEC202,5493388,s�,1,0
TRAAAGF12903CEC202,5493388,mot,2,0
TRAAAGF12903CEC202,5493388,min,1,0
TRAAAGF12903CEC202,5493388,din,1,0
TRAAAGF12903CEC202,5493388,alt,1,0
TRAAAGF12903CEC202,5493388,inn,1,0
TRAAAGF12903CEC202,5493388,leve,1,0
TRAAAGF12903CEC202,5493388,n�r,1,0
TRAAAGF12903CEC202,5493388,gi,1,0
TRAAAHJ128F931194C,5133845,i,4,0
TRAAAHJ128F931194C,5133845,the,11,0
TRAAAHJ128F931194C,5133845,you,2,0
TRAAAHJ128F931194C,5133845,to,7,0
TRAAAHJ128F931194C,5133845,and,3,0
TRAAAHJ128F931194C,5133845,a,5,0
TRAAAHJ128F931194C,5133845,it,1,0
TRAAAHJ128F931194C,5133845,not,3,0
TRAAAHJ128F931194C,5133845,in,6,0
TRAAAHJ128F931194C,5133845,my,6,0
TRAAAHJ128F931194C,5133845,of,9,0
TRAAAHJ128F931194C,5133845,your,3,0
TRAAAHJ128F931194C,5133845,do,3,0
TRAAAHJ128F931194C,5133845,on,1,0
TRAAAHJ128F931194C,5133845,we,1,0
TRAAAHJ128F931194C,5133845,am,1,0
TRAAAHJ128F931194C,5133845,for,3,0
TRAAAHJ128F931194C,5133845,be,3,0
TRAAAHJ128F931194C,5133845,love,1,0
TRAAAHJ128F931194C,5133845,this,3,0
TRAAAHJ128F931194C,5133845,just,1,0
TRAAAHJ128F931194C,5133845,when,1,0
TRAAAHJ128F931194C,5133845,now,1,0
TRAAAHJ128F931194C,5133845,time,1,0
TRAAAHJ128F931194C,5133845,can,3,0
TRAAAHJ128F931194C,5133845,out,3,0
TRAAAHJ128F931194C,5133845,never,3,0
TRAAAHJ128F931194C,5133845,say,1,0
TRAAAHJ128F931194C,5133845,day,1,0
TRAAAHJ128F931194C,5133845,at,1,0
TRAAAHJ128F931194C,5133845,away,3,0
TRAAAHJ128F931194C,5133845,back,1,0
TRAAAHJ128F931194C,5133845,heart,4,0
TRAAAHJ128F931194C,5133845,here,1,0
TRAAAHJ128F931194C,5133845,how,3,0
TRAAAHJ128F931194C,5133845,world,3,0
TRAAAHJ128F931194C,5133845,onli,1,0
TRAAAHJ128F931194C,5133845,an,1,0
TRAAAHJ128F931194C,5133845,long,1,0
TRAAAHJ128F931194C,5133845,turn,1,0
TRAAAHJ128F931194C,5133845,hand,2,0
TRAAAHJ128F931194C,5133845,walk,2,0
TRAAAHJ128F931194C,5133845,cri,1,0
TRAAAHJ128F931194C,5133845,word,1,0
TRAAAHJ128F931194C,5133845,these,1,0
TRAAAHJ128F931194C,5133845,last,4,0
TRAAAHJ128F931194C,5133845,close,3,0
TRAAAHJ128F931194C,5133845,breath,1,0
TRAAAHJ128F931194C,5133845,wish,3,0
TRAAAHJ128F931194C,5133845,war,1,0
TRAAAHJ128F931194C,5133845,beat,4,0
TRAAAHJ128F931194C,5133845,angel,1,0
TRAAAHJ128F931194C,5133845,reach,2,0
TRAAAHJ128F931194C,5133845,step,1,0
TRAAAHJ128F931194C,5133845,memori,1,0
TRAAAHJ128F931194C,5133845,apart,3,0
TRAAAHJ128F931194C,5133845,speak,1,0
TRAAAHJ128F931194C,5133845,til,4,0
TRAAAHJ128F931194C,5133845,afraid,1,0
TRAAAHJ128F931194C,5133845,wave,1,0
TRAAAHJ128F931194C,5133845,bone,1,0
TRAAAHJ128F931194C,5133845,wing,1,0
TRAAAHJ128F931194C,5133845,rose,1,0
TRAAAHJ128F931194C,5133845,shame,1,0
TRAAAHJ128F931194C,5133845,forgiv,1,0
TRAAAHJ128F931194C,5133845,loud,1,0
TRAAAHJ128F931194C,5133845,sail,1,0
TRAAAHJ128F931194C,5133845,bridg,1,0
TRAAAHJ128F931194C,5133845,dare,1,0
TRAAAHJ128F931194C,5133845,torn,4,0
TRAAAHJ128F931194C,5133845,echo,1,0
TRAAAHJ128F931194C,5133845,sigh,1,0
TRAAAHJ128F931194C,5133845,nake,1,0
TRAAAHJ128F931194C,5133845,sunset,1,0
TRAAAHJ128F931194C,5133845,delight,1,0
TRAAAHJ128F931194C,5133845,thorn,1,0
TRAAAHJ128F931194C,5133845,sharp,1,0
TRAAAHJ128F931194C,5133845,stir,1,0
TRAAAHJ128F931194C,5133845,solitud,1,0
TRAAAHJ128F931194C,5133845,fleet,1,0
TRAAAHZ128E0799171,1619153,i,39,0
TRAAAHZ128E0799171,1619153,the,30,0
TRAAAHZ128E0799171,1619153,you,10,0
TRAAAHZ128E0799171,1619153,to,10,0
TRAAAHZ128E0799171,1619153,and,28,0
TRAAAHZ128E0799171,1619153,a,21,0
TRAAAHZ128E0799171,1619153,me,1,0
TRAAAHZ128E0799171,1619153,it,20,0
TRAAAHZ128E0799171,1619153,not,11,0
TRAAAHZ128E0799171,1619153,in,12,0
TRAAAHZ128E0799171,1619153,my,9,0
TRAAAHZ128E0799171,1619153,is,10,0
TRAAAHZ128E0799171,1619153,of,9,0
TRAAAHZ128E0799171,1619153,your,1,0
TRAAAHZ128E0799171,1619153,that,5,0
TRAAAHZ128E0799171,1619153,do,11,0
TRAAAHZ128E0799171,1619153,on,4,0
TRAAAHZ128E0799171,1619153,are,1,0
TRAAAHZ128E0799171,1619153,we,1,0
TRAAAHZ128E0799171,1619153,am,17,0
TRAAAHZ128E0799171,1619153,all,7,0
TRAAAHZ128E0799171,1619153,for,4,0
TRAAAHZ128E0799171,1619153,no,1,0
TRAAAHZ128E0799171,1619153,have,2,0
TRAAAHZ128E0799171,1619153,love,2,0
TRAAAHZ128E0799171,1619153,so,5,0
TRAAAHZ128E0799171,1619153,know,1,0
TRAAAHZ128E0799171,1619153,this,6,0
TRAAAHZ128E0799171,1619153,but,5,0
TRAAAHZ128E0799171,1619153,with,4,0
TRAAAHZ128E0799171,1619153,what,2,0
TRAAAHZ128E0799171,1619153,when,1,0
TRAAAHZ128E0799171,1619153,like,1,0
TRAAAHZ128E0799171,1619153,now,8,0
TRAAAHZ128E0799171,1619153,time,2,0
TRAAAHZ128E0799171,1619153,can,3,0
TRAAAHZ128E0799171,1619153,come,2,0
TRAAAHZ128E0799171,1619153,go,1,0
TRAAAHZ128E0799171,1619153,up,11,0
TRAAAHZ128E0799171,1619153,one,16,0
TRAAAHZ128E0799171,1619153,they,1,0
TRAAAHZ128E0799171,1619153,out,2,0
TRAAAHZ128E0799171,1619153,down,2,0
TRAAAHZ128E0799171,1619153,get,6,0
TRAAAHZ128E0799171,1619153,was,4,0
TRAAAHZ128E0799171,1619153,see,3,0
TRAAAHZ128E0799171,1619153,got,2,0
TRAAAHZ128E0799171,1619153,never,1,0
TRAAAHZ128E0799171,1619153,from,1,0
TRAAAHZ128E0799171,1619153,feel,1,0
TRAAAHZ128E0799171,1619153,want,4,0
TRAAAHZ128E0799171,1619153,way,1,0
TRAAAHZ128E0799171,1619153,say,2,0
TRAAAHZ128E0799171,1619153,as,3,0
TRAAAHZ128E0799171,1619153,ca,1,0
TRAAAHZ128E0799171,1619153,at,2,0
TRAAAHZ128E0799171,1619153,yeah,7,0
TRAAAHZ128E0799171,1619153,back,3,0
TRAAAHZ128E0799171,1619153,heart,1,0
TRAAAHZ128E0799171,1619153,here,1,0
TRAAAHZ128E0799171,1619153,night,2,0
TRAAAHZ128E0799171,1619153,need,1,0
TRAAAHZ128E0799171,1619153,look,2,0
TRAAAHZ128E0799171,1619153,world,2,0
TRAAAHZ128E0799171,1619153,more,1,0
TRAAAHZ128E0799171,1619153,caus,3,0
TRAAAHZ128E0799171,1619153,right,1,0
TRAAAHZ128E0799171,1619153,been,1,0
TRAAAHZ128E0799171,1619153,tell,1,0
TRAAAHZ128E0799171,1619153,man,3,0
TRAAAHZ128E0799171,1619153,live,1,0
TRAAAHZ128E0799171,1619153,again,1,0
TRAAAHZ128E0799171,1619153,give,1,0
TRAAAHZ128E0799171,1619153,too,1,0
TRAAAHZ128E0799171,1619153,onli,11,0
TRAAAHZ128E0799171,1619153,whi,1,0
TRAAAHZ128E0799171,1619153,dream,1,0
TRAAAHZ128E0799171,1619153,around,1,0
TRAAAHZ128E0799171,1619153,good,2,0
TRAAAHZ128E0799171,1619153,about,3,0
TRAAAHZ128E0799171,1619153,some,4,0
TRAAAHZ128E0799171,1619153,over,1,0
TRAAAHZ128E0799171,1619153,leav,1,0
TRAAAHZ128E0799171,1619153,had,1,0
TRAAAHZ128E0799171,1619153,gone,1,0
TRAAAHZ128E0799171,1619153,stay,1,0
TRAAAHZ128E0799171,1619153,god,1,0
TRAAAHZ128E0799171,1619153,these,1,0
TRAAAHZ128E0799171,1619153,new,1,0
TRAAAHZ128E0799171,1619153,him,1,0
TRAAAHZ128E0799171,1619153,stop,2,0
TRAAAHZ128E0799171,1619153,burn,3,0
TRAAAHZ128E0799171,1619153,sun,1,0
TRAAAHZ128E0799171,1619153,off,1,0
TRAAAHZ128E0799171,1619153,play,1,0
TRAAAHZ128E0799171,1619153,made,2,0
TRAAAHZ128E0799171,1619153,start,1,0
TRAAAHZ128E0799171,1619153,hard,3,0
TRAAAHZ128E0799171,1619153,boy,1,0
TRAAAHZ128E0799171,1619153,put,1,0
TRAAAHZ128E0799171,1619153,name,1,0
TRAAAHZ128E0799171,1619153,same,1,0
TRAAAHZ128E0799171,1619153,fuck,1,0
TRAAAHZ128E0799171,1619153,other,1,0
TRAAAHZ128E0799171,1619153,rememb,1,0
TRAAAHZ128E0799171,1619153,star,1,0
TRAAAHZ128E0799171,1619153,yes,1,0
TRAAAHZ128E0799171,1619153,real,3,0
TRAAAHZ128E0799171,1619153,two,3,0
TRAAAHZ128E0799171,1619153,black,1,0
TRAAAHZ128E0799171,1619153,rock,1,0
TRAAAHZ128E0799171,1619153,shine,1,0
TRAAAHZ128E0799171,1619153,heaven,1,0
TRAAAHZ128E0799171,1619153,work,2,0
TRAAAHZ128E0799171,1619153,big,6,0
TRAAAHZ128E0799171,1619153,street,1,0
TRAAAHZ128E0799171,1619153,came,1,0
TRAAAHZ128E0799171,1619153,till,1,0
TRAAAHZ128E0799171,1619153,deep,1,0
TRAAAHZ128E0799171,1619153,happi,1,0
TRAAAHZ128E0799171,1619153,ai,3,0
TRAAAHZ128E0799171,1619153,best,1,0
TRAAAHZ128E0799171,1619153,listen,1,0
TRAAAHZ128E0799171,1619153,hell,1,0
TRAAAHZ128E0799171,1619153,set,1,0
TRAAAHZ128E0799171,1619153,em,3,0
TRAAAHZ128E0799171,1619153,pass,1,0
TRAAAHZ128E0799171,1619153,fool,6,0
TRAAAHZ128E0799171,1619153,chanc,1,0
TRAAAHZ128E0799171,1619153,part,1,0
TRAAAHZ128E0799171,1619153,nobodi,1,0
TRAAAHZ128E0799171,1619153,game,2,0
TRAAAHZ128E0799171,1619153,though,1,0
TRAAAHZ128E0799171,1619153,each,1,0
TRAAAHZ128E0799171,1619153,young,1,0
TRAAAHZ128E0799171,1619153,readi,1,0
TRAAAHZ128E0799171,1619153,shit,3,0
TRAAAHZ128E0799171,1619153,along,1,0
TRAAAHZ128E0799171,1619153,hit,1,0
TRAAAHZ128E0799171,1619153,happen,1,0
TRAAAHZ128E0799171,1619153,whole,1,0
TRAAAHZ128E0799171,1619153,car,1,0
TRAAAHZ128E0799171,1619153,pray,1,0
TRAAAHZ128E0799171,1619153,gave,1,0
TRAAAHZ128E0799171,1619153,tire,1,0
TRAAAHZ128E0799171,1619153,lot,1,0
TRAAAHZ128E0799171,1619153,sinc,1,0
TRAAAHZ128E0799171,1619153,kid,1,0
TRAAAHZ128E0799171,1619153,nigga,4,0
TRAAAHZ128E0799171,1619153,hot,1,0
TRAAAHZ128E0799171,1619153,bright,1,0
TRAAAHZ128E0799171,1619153,secret,1,0
TRAAAHZ128E0799171,1619153,push,2,0
TRAAAHZ128E0799171,1619153,three,3,0
TRAAAHZ128E0799171,1619153,drop,1,0
TRAAAHZ128E0799171,1619153,wear,1,0
TRAAAHZ128E0799171,1619153,uh,2,0
TRAAAHZ128E0799171,1619153,thank,1,0
TRAAAHZ128E0799171,1619153,catch,1,0
TRAAAHZ128E0799171,1619153,fell,1,0
TRAAAHZ128E0799171,1619153,top,3,0
TRAAAHZ128E0799171,1619153,cover,1,0
TRAAAHZ128E0799171,1619153,write,1,0
TRAAAHZ128E0799171,1619153,number,3,0
TRAAAHZ128E0799171,1619153,lock,1,0
TRAAAHZ128E0799171,1619153,bless,2,0
TRAAAHZ128E0799171,1619153,knock,1,0
TRAAAHZ128E0799171,1619153,four,3,0
TRAAAHZ128E0799171,1619153,check,2,0
TRAAAHZ128E0799171,1619153,famili,1,0
TRAAAHZ128E0799171,1619153,choos,1,0
TRAAAHZ128E0799171,1619153,small,1,0
TRAAAHZ128E0799171,1619153,wit,1,0
TRAAAHZ128E0799171,1619153,swear,1,0
TRAAAHZ128E0799171,1619153,yall,1,0
TRAAAHZ128E0799171,1619153,c,1,0
TRAAAHZ128E0799171,1619153,kept,2,0
TRAAAHZ128E0799171,1619153,busi,1,0
TRAAAHZ128E0799171,1619153,price,1,0
TRAAAHZ128E0799171,1619153,trip,1,0
TRAAAHZ128E0799171,1619153,shoulder,1,0
TRAAAHZ128E0799171,1619153,tune,3,0
TRAAAHZ128E0799171,1619153,pop,2,0
TRAAAHZ128E0799171,1619153,wife,1,0
TRAAAHZ128E0799171,1619153,bite,3,0
TRAAAHZ128E0799171,1619153,west,1,0
TRAAAHZ128E0799171,1619153,block,1,0
TRAAAHZ128E0799171,1619153,g,7,0
TRAAAHZ128E0799171,1619153,direct,2,0
TRAAAHZ128E0799171,1619153,rap,2,0
TRAAAHZ128E0799171,1619153,laid,1,0
TRAAAHZ128E0799171,1619153,clock,1,0
TRAAAHZ128E0799171,1619153,paid,1,0
TRAAAHZ128E0799171,1619153,yellow,1,0
TRAAAHZ128E0799171,1619153,judg,1,0
TRAAAHZ128E0799171,1619153,doubl,6,0
TRAAAHZ128E0799171,1619153,wise,1,0
TRAAAHZ128E0799171,1619153,mom,1,0
TRAAAHZ128E0799171,1619153,older,1,0
TRAAAHZ128E0799171,1619153,motherfuck,3,0
TRAAAHZ128E0799171,1619153,spot,1,0
TRAAAHZ128E0799171,1619153,beach,1,0
TRAAAHZ128E0799171,1619153,aw,4,0
TRAAAHZ128E0799171,1619153,throne,1,0
TRAAAHZ128E0799171,1619153,steadi,1,0
TRAAAHZ128E0799171,1619153,handl,1,0
TRAAAHZ128E0799171,1619153,coast,1,0
TRAAAHZ128E0799171,1619153,mic,2,0
TRAAAHZ128E0799171,1619153,boss,1,0
TRAAAHZ128E0799171,1619153,weed,1,0
TRAAAHZ128E0799171,1619153,presenc,2,0
TRAAAHZ128E0799171,1619153,jail,1,0
TRAAAHZ128E0799171,1619153,grind,1,0
TRAAAHZ128E0799171,1619153,buck,13,0
TRAAAHZ128E0799171,1619153,righteous,1,0
TRAAAHZ128E0799171,1619153,sharp,1,0
TRAAAHZ128E0799171,1619153,playa,1,0
TRAAAHZ128E0799171,1619153,famous,1,0
TRAAAHZ128E0799171,1619153,colder,1,0
TRAAAHZ128E0799171,1619153,file,1,0
TRAAAHZ128E0799171,1619153,local,1,0
TRAAAHZ128E0799171,1619153,process,1,0
TRAAAHZ128E0799171,1619153,bid,1,0
TRAAAHZ128E0799171,1619153,profit,1,0
TRAAAJG128F9308A25,8525084,i,6,0
TRAAAJG128F9308A25,8525084,the,9,0
TRAAAJG128F9308A25,8525084,and,3,0
TRAAAJG128F9308A25,8525084,a,4,0
TRAAAJG128F9308A25,8525084,me,4,0
TRAAAJG128F9308A25,8525084,it,3,0
TRAAAJG128F9308A25,8525084,not,5,0
TRAAAJG128F9308A25,8525084,in,3,0
TRAAAJG128F9308A25,8525084,is,2,0
TRAAAJG128F9308A25,8525084,that,1,0
TRAAAJG128F9308A25,8525084,do,2,0
TRAAAJG128F9308A25,8525084,on,1,0
TRAAAJG128F9308A25,8525084,are,1,0
TRAAAJG128F9308A25,8525084,for,4,0
TRAAAJG128F9308A25,8525084,have,1,0
TRAAAJG128F9308A25,8525084,so,1,0
TRAAAJG128F9308A25,8525084,but,2,0
TRAAAJG128F9308A25,8525084,like,1,0
TRAAAJG128F9308A25,8525084,can,1,0
TRAAAJG128F9308A25,8525084,one,1,0
TRAAAJG128F9308A25,8525084,get,1,0
TRAAAJG128F9308A25,8525084,from,1,0
TRAAAJG128F9308A25,8525084,ca,4,0
TRAAAJG128F9308A25,8525084,here,1,0
TRAAAJG128F9308A25,8525084,need,1,0
TRAAAJG128F9308A25,8525084,world,3,0
TRAAAJG128F9308A25,8525084,die,1,0
TRAAAJG128F9308A25,8525084,give,1,0
TRAAAJG128F9308A25,8525084,too,8,0
TRAAAJG128F9308A25,8525084,tri,1,0
TRAAAJG128F9308A25,8525084,walk,1,0
TRAAAJG128F9308A25,8525084,end,1,0
TRAAAJG128F9308A25,8525084,much,6,0
TRAAAJG128F9308A25,8525084,stand,1,0
TRAAAJG128F9308A25,8525084,old,1,0
TRAAAJG128F9308A25,8525084,without,1,0
TRAAAJG128F9308A25,8525084,pain,1,0
TRAAAJG128F9308A25,8525084,myself,1,0
TRAAAJG128F9308A25,8525084,rain,3,0
TRAAAJG128F9308A25,8525084,cold,1,0
TRAAAJG128F9308A25,8525084,bad,1,0
TRAAAJG128F9308A25,8525084,mani,1,0
TRAAAJG128F9308A25,8525084,goe,1,0
TRAAAJG128F9308A25,8525084,young,1,0
TRAAAJG128F9308A25,8525084,kid,3,0
TRAAAJG128F9308A25,8525084,bleed,1,0
TRAAAJG128F9308A25,8525084,somewher,3,0
TRAAAJG128F9308A25,8525084,bitter,3,0
TRAAAJG128F9308A25,8525084,protect,1,0
TRAAAJG128F9308A25,8525084,hungri,1,0
TRAAAJG128F9308A25,8525084,order,1,0
TRAAAJG128F9308A25,8525084,although,1,0
TRAAAJG128F9308A25,8525084,coat,1,0
TRAAAJG128F9308A25,8525084,helpless,1,0
TRAAAJG128F9308A25,8525084,complain,1,0
TRAAAJG128F9308A25,8525084,defend,1,0
TRAAAOF128F429C156,2973058,i,14,0
TRAAAOF128F429C156,2973058,the,20,0
TRAAAOF128F429C156,2973058,you,2,0
TRAAAOF128F429C156,2973058,to,7,0
TRAAAOF128F429C156,2973058,and,6,0
TRAAAOF128F429C156,2973058,a,2,0
TRAAAOF128F429C156,2973058,me,4,0
TRAAAOF128F429C156,2973058,it,2,0
TRAAAOF128F429C156,2973058,in,4,0
TRAAAOF128F429C156,2973058,my,11,0
TRAAAOF128F429C156,2973058,is,3,0
TRAAAOF128F429C156,2973058,of,22,0
TRAAAOF128F429C156,2973058,that,2,0
TRAAAOF128F429C156,2973058,on,1,0
TRAAAOF128F429C156,2973058,we,1,0
TRAAAOF128F429C156,2973058,am,3,0
TRAAAOF128F429C156,2973058,will,1,0
TRAAAOF128F429C156,2973058,all,2,0
TRAAAOF128F429C156,2973058,no,1,0
TRAAAOF128F429C156,2973058,have,2,0
TRAAAOF128F429C156,2973058,so,1,0
TRAAAOF128F429C156,2973058,know,3,0
TRAAAOF128F429C156,2973058,what,1,0
TRAAAOF128F429C156,2973058,just,1,0
TRAAAOF128F429C156,2973058,when,2,0
TRAAAOF128F429C156,2973058,like,3,0
TRAAAOF128F429C156,2973058,now,3,0
TRAAAOF128F429C156,2973058,can,1,0
TRAAAOF128F429C156,2973058,come,1,0
TRAAAOF128F429C156,2973058,there,1,0
TRAAAOF128F429C156,2973058,go,1,0
TRAAAOF128F429C156,2973058,up,1,0
TRAAAOF128F429C156,2973058,oh,11,0
TRAAAOF128F429C156,2973058,one,3,0
TRAAAOF128F429C156,2973058,they,4,0
TRAAAOF128F429C156,2973058,out,1,0
TRAAAOF128F429C156,2973058,was,5,0
TRAAAOF128F429C156,2973058,see,1,0
TRAAAOF128F429C156,2973058,got,6,0
TRAAAOF128F429C156,2973058,from,1,0
TRAAAOF128F429C156,2973058,he,6,0
TRAAAOF128F429C156,2973058,feel,1,0
TRAAAOF128F429C156,2973058,say,1,0
TRAAAOF128F429C156,2973058,day,2,0
TRAAAOF128F429C156,2973058,at,4,0
TRAAAOF128F429C156,2973058,yeah,28,0
TRAAAOF128F429C156,2973058,back,1,0
TRAAAOF128F429C156,2973058,our,1,0
TRAAAOF128F429C156,2973058,look,2,0
TRAAAOF128F429C156,2973058,right,1,0
TRAAAOF128F429C156,2973058,man,1,0
TRAAAOF128F429C156,2973058,onli,1,0
TRAAAOF128F429C156,2973058,whi,1,0
TRAAAOF128F429C156,2973058,his,2,0
TRAAAOF128F429C156,2973058,long,1,0
TRAAAOF128F429C156,2973058,girl,1,0
TRAAAOF128F429C156,2973058,some,2,0
TRAAAOF128F429C156,2973058,over,1,0
TRAAAOF128F429C156,2973058,littl,1,0
TRAAAOF128F429C156,2973058,were,1,0
TRAAAOF128F429C156,2973058,leav,1,0
TRAAAOF128F429C156,2973058,home,1,0
TRAAAOF128F429C156,2973058,had,4,0
TRAAAOF128F429C156,2973058,them,1,0
TRAAAOF128F429C156,2973058,face,1,0
TRAAAOF128F429C156,2973058,head,2,0
TRAAAOF128F429C156,2973058,their,2,0
TRAAAOF128F429C156,2973058,stay,1,0
TRAAAOF128F429C156,2973058,place,1,0
TRAAAOF128F429C156,2973058,better,1,0
TRAAAOF128F429C156,2973058,last,1,0
TRAAAOF128F429C156,2973058,him,2,0
TRAAAOF128F429C156,2973058,tonight,1,0
TRAAAOF128F429C156,2973058,off,1,0
TRAAAOF128F429C156,2973058,start,1,0
TRAAAOF128F429C156,2973058,realli,1,0
TRAAAOF128F429C156,2973058,even,1,0
TRAAAOF128F429C156,2973058,put,1,0
TRAAAOF128F429C156,2973058,seem,1,0
TRAAAOF128F429C156,2973058,other,1,0
TRAAAOF128F429C156,2973058,high,1,0
TRAAAOF128F429C156,2973058,came,3,0
TRAAAOF128F429C156,2973058,everybodi,1,0
TRAAAOF128F429C156,2973058,until,1,0
TRAAAOF128F429C156,2973058,saw,1,0
TRAAAOF128F429C156,2973058,ha,5,0
TRAAAOF128F429C156,2973058,heard,1,0
TRAAAOF128F429C156,2973058,soon,1,0
TRAAAOF128F429C156,2973058,guess,1,0
TRAAAOF128F429C156,2973058,full,1,0
TRAAAOF128F429C156,2973058,king,16,0
TRAAAOF128F429C156,2973058,tree,1,0
TRAAAOF128F429C156,2973058,kid,1,0
TRAAAOF128F429C156,2973058,near,1,0
TRAAAOF128F429C156,2973058,honey,1,0
TRAAAOF128F429C156,2973058,perfect,1,0
TRAAAOF128F429C156,2973058,hair,4,0
TRAAAOF128F429C156,2973058,knee,1,0
TRAAAOF128F429C156,2973058,share,3,0
TRAAAOF128F429C156,2973058,top,2,0
TRAAAOF128F429C156,2973058,kick,1,0
TRAAAOF128F429C156,2973058,guy,1,0
TRAAAOF128F429C156,2973058,whoa,1,0
TRAAAOF128F429C156,2973058,million,1,0
TRAAAOF128F429C156,2973058,jump,1,0
TRAAAOF128F429C156,2973058,snow,1,0
TRAAAOF128F429C156,2973058,everywher,3,0
TRAAAOF128F429C156,2973058,sand,1,0
TRAAAOF128F429C156,2973058,hello,1,0
TRAAAOF128F429C156,2973058,state,1,0
TRAAAOF128F429C156,2973058,school,1,0
TRAAAOF128F429C156,2973058,scene,1,0
TRAAAOF128F429C156,2973058,spread,2,0
TRAAAOF128F429C156,2973058,luck,1,0
TRAAAOF128F429C156,2973058,pop,2,0
TRAAAOF128F429C156,2973058,doin,1,0
TRAAAOF128F429C156,2973058,huh,1,0
TRAAAOF128F429C156,2973058,ooo,17,0
TRAAAOF128F429C156,2973058,saturday,1,0
TRAAAOF128F429C156,2973058,woo,1,0
TRAAAOF128F429C156,2973058,beach,1,0
TRAAAOF128F429C156,2973058,scratch,5,0
TRAAAOF128F429C156,2973058,whip,1,0
TRAAAOF128F429C156,2973058,hop,1,0
TRAAAOF128F429C156,2973058,aah,12,0
TRAAAOF128F429C156,2973058,hmm,8,0
TRAAAOF128F429C156,2973058,bop,2,0
TRAAAOF128F429C156,2973058,wow,2,0
TRAAAOF128F429C156,2973058,flip,1,0
TRAAAOF128F429C156,2973058,blowin,1,0
TRAAAOF128F429C156,2973058,muscl,1,0
TRAAAOF128F429C156,2973058,filthi,3,0
TRAAAOF128F429C156,2973058,local,1,0
TRAAAOF128F429C156,2973058,wah,4,0
TRAAAOF128F429C156,2973058,oooo,15,0
TRAAAOF128F429C156,2973058,yah,1,0
TRAAAOF128F429C156,2973058,aaah,1,0
TRAAAOF128F429C156,2973058,jumpin,1,0
TRAAAOF128F429C156,2973058,eventu,1,0
TRAAAOF128F429C156,2973058,comb,3,0
