b80344d063b5ccb3212f76538f3d9e43d87dca9e,SOWEZSI12A81C21CE6,1
4bd88bfb25263a75bbdd467e74018f4ae570e5df,SODCXXY12AB0187452,2
4bd88bfb25263a75bbdd467e74018f4ae570e5df,SOWPAXV12A67ADA046,18
b64cdd1a0bd907e5e00b39e345194768e330d652,SOLXDDC12A6701FBFD,1
b64cdd1a0bd907e5e00b39e345194768e330d652,SONJBQX12A6D4F8382,4
b64cdd1a0bd907e5e00b39e345194768e330d652,SONQBUB12A6D4F8ED0,2
17aa9f6dbdf753831da8f38c71b66b64373de613,SOMGPML12A8C13AE8C,1
d6589314c0a9bcbca4fee0c93b14bc402363afea,SOULTKQ12AB018A183,3
5a905f000fc1ff3df7ca807d57edb608863db05d,SOEBCBI12AF72A154F,5
5a905f000fc1ff3df7ca807d57edb608863db05d,SOFKTPP12A8C1385CA,1
5a905f000fc1ff3df7ca807d57edb608863db05d,SOGJPMB12A8C13A9DB,1
5a905f000fc1ff3df7ca807d57edb608863db05d,SOUCKDH12A8C138FF5,2
5a905f000fc1ff3df7ca807d57edb608863db05d,SOZOEYP12AB0188C9D,2
45544491ccfcdc0b0803c34f201a6287ed4e30f8,SOKHWZT12A58A7F198,2
a820d2d4f16bbd53be9e41e0417dfb234bfdfba8,SODHVES12A6701CE6B,4
bd8475385f0aa78830fa6dfce9e7242164b035c8,SONQBUB12A6D4F8ED0,1
bd8475385f0aa78830fa6dfce9e7242164b035c8,SOZAPQT12A8C142821,1
0afaa5d9d04bf85af720fe8cc566a41ca3e41c97,SOIZLKI12A6D4F7B61,1
403b3b867fc71dfdcc12652f30e88bdc7ccd9aa4,SOAXAPU12A67020EF9,5
403b3b867fc71dfdcc12652f30e88bdc7ccd9aa4,SOHMLNS12A58A7DA68,1
f84f5b5a5c5d1d9fb4866f6488e0d2661b54c192,SOEHWGF12A6D4F8B2B,1
405d396ea64d75b5eaefaaf8ac836f45fa56af4d,SOVTFUO12A6310D813,1
2c42e6551311710ca5a839d62058820a42ead493,SOGAUIQ12A6D4F8262,1
bf30441e24ef5326354295723d9fe1edf59b8554,SOCQWMC12A8C1429D1,1
12768858f6a825452e412deb1df36d2d1d9c6791,SOUXEOI12A6D4FB18E,1
a58de017cbeda1763ea002fe027ed41b4ed53109,SOEHWGF12A6D4F8B2B,3
a58de017cbeda1763ea002fe027ed41b4ed53109,SOEKSGJ12A67AE227E,6
a58de017cbeda1763ea002fe027ed41b4ed53109,SOIZLKI12A6D4F7B61,3
a58de017cbeda1763ea002fe027ed41b4ed53109,SOULTKQ12AB018A183,3
951945330eb5df161ac4f97729647514001cd102,SOLXDDC12A6701FBFD,3
3f152d355d53865a2ca27ac5ceeffb7ebaea0a26,SOAOOXO12AF72A787F,14
f5e8cc6983d563ff255988b9ea0c53e67941f71e,SOLUABP12AF72A2CD2,3
1fdf267d8e81db0bb69093460fdab8254e69a2de,SOBBCFN12A8C13E4D9,1
1fdf267d8e81db0bb69093460fdab8254e69a2de,SONQBUB12A6D4F8ED0,2
484b69dd013df1ec0cfd504886d4f647cb32b08f,SOZAPQT12A8C142821,1
ff4322e94814d3c7895d07e6f94139b092862611,SOCHRXB12A8AE48069,1
d66f2f66f2bdc9aa3d0362a35fc91ccc844101f7,SOYNEVM12AB018439A,2
523a8a39456d5a96ae8f4d5e8b8b60f3bfb31528,SOLRYQR12A670215BF,6
43683da3c6c5a93c7938ff550faf0d039a9a639a,SOLLOSO12AB0184A7A,1
930d2be6c85315d72cab9823ec0f7bfe7e477794,SOUCKDH12A8C138FF5,1
930d2be6c85315d72cab9823ec0f7bfe7e477794,SOVFUXP12AB018F6F0,1
b41ead730ac14f6b6717b9cf8859d5579f3f8d4d,SOLMCFH12A58A7FACE,2
2aa3b8c9f60070025940183cdd44602086d7b535,SOTPQFM12AB017AC9E,1
e6b4dbf8e48346fbfd233fa96cdf5daee25ae77c,SOVFRDB12AB017FF3A,2
99b5f915dd56a0150eb91605e1f6109e1e80c9de,SOULTKQ12AB018A183,3
77cac5c3389010b64d01b30f725c24de4a5bb626,SOBEVGM12A67ADBCA7,1
77cac5c3389010b64d01b30f725c24de4a5bb626,SOYHHHT12A6D4F7F97,2
a4851161aef67246972269b957ab54be3b002c8b,SOHTQAS12A6701C7BA,1
a4851161aef67246972269b957ab54be3b002c8b,SONQBUB12A6D4F8ED0,3
a4851161aef67246972269b957ab54be3b002c8b,SOUEFNG12A6D4F8640,1
b6b799f34a204bd928ea014c243ddad6d0be4f8f,SOEHWGF12A6D4F8B2B,1
b6b799f34a204bd928ea014c243ddad6d0be4f8f,SOEKSGJ12A67AE227E,1
732f88be38fae217f8ab7e24c20dd072436e3e40,SOFKTPP12A8C1385CA,1
732f88be38fae217f8ab7e24c20dd072436e3e40,SOGLABR12A6D4F9585,1
732f88be38fae217f8ab7e24c20dd072436e3e40,SOHOOXT12A67ADA073,2
732f88be38fae217f8ab7e24c20dd072436e3e40,SOPOJVI12A58A7E706,1
732f88be38fae217f8ab7e24c20dd072436e3e40,SOTXXBT12A6D4F6B25,1
732f88be38fae217f8ab7e24c20dd072436e3e40,SOZVTZB12A58A7AEE4,1
3f9ed694a79835c921ef6d94acd28f876c1d901e,SOGCDYR12AC961854A,5
3f9ed694a79835c921ef6d94acd28f876c1d901e,SOUGLCH12A8C140306,2
1a849df9dabb15845eb932d46d81e2fd77176786,SOLZOBD12AB0185720,2
1a849df9dabb15845eb932d46d81e2fd77176786,SOTRDVJ12A8C13975E,4
1a849df9dabb15845eb932d46d81e2fd77176786,SOULTKQ12AB018A183,1
a4a1daac7ba5534ade06e32c5b9d220eb5ce145d,SOXFQVY12A58A7B456,1
8cbb5066924ec788e3fea9a4aae59586f46f38fa,SOZAPQT12A8C142821,1
c2cffe9ccaa09a327e8134e9a1f24901801fb2f8,SOCHPTV12A6BD53113,1
01655ae6bc52e29c9cd100a7dde4e9eeae5e4031,SOGJPMB12A8C13A9DB,3
01655ae6bc52e29c9cd100a7dde4e9eeae5e4031,SOIQNWY12A67AD87D3,1
9fba771d9731561eba47216f6fbfc0023d88641b,SOOHUOU12A8C1399A5,2
62f2f9b881dc320d745a90c0c10528d18e10deb1,SOHHJYE12A8AE47599,3
1b00fc5a510fd249d4d2f94e7f21f1e2eeb21cff,SOJDHGS12A6310D85E,1
7e2b716907a9a295d92c2f35d7e260aeee2b32cf,SOHTWEG12AB018D11C,1
ea07020bb223c733ccc55aa925ebcc25c4d97377,SOBTDFV12B0B80B789,1
b61afb42335287239bd40e1dea50d849cbf8a9a9,SOHOOXT12A67ADA073,1
b61afb42335287239bd40e1dea50d849cbf8a9a9,SOUEFNG12A6D4F8640,1
b61afb42335287239bd40e1dea50d849cbf8a9a9,SOWQTQZ12A58A7B63E,1
07caa920795cd4f20bfeeb0e192a5ddd9566ecdd,SOEORDW12A6D4FB045,1
07caa920795cd4f20bfeeb0e192a5ddd9566ecdd,SOHIHSR12AB0184E8F,1
07caa920795cd4f20bfeeb0e192a5ddd9566ecdd,SOKXYUW12A8C140229,1
07caa920795cd4f20bfeeb0e192a5ddd9566ecdd,SOKZTHA12A8C134830,1
15415fa2745b344bce958967c346f2a89f792f63,SOHIHSR12AB0184E8F,1
95942345306393998eb3a051ae5fa3c4d5afbaa4,SOMURVQ12A67AD741A,1
95942345306393998eb3a051ae5fa3c4d5afbaa4,SOSQIHH12A8C13370B,6
9fbc0cc4fe6191cabdddf41124bd507dca08ceb6,SOULTKQ12AB018A183,1
eb9d84c10ac4bffeb383a3a7c2d5207c93da4a84,SOGSOTK12A6D4FA596,1
eb1ad31d040406c6428c5f4420b0bc709b1c5350,SOEILXI12AB017CBA6,1
eb1ad31d040406c6428c5f4420b0bc709b1c5350,SOFJNQR12A6D4FAE92,7
8ee90038724c4957eb4df16f3e9c6ed2b570a3ec,SOGAUIQ12A6D4F8262,2
8ee90038724c4957eb4df16f3e9c6ed2b570a3ec,SOHWVJJ12AB0185F6D,1
515c6d7023ad31411c1f6b11e0b2f56810348bee,SODNUSO12A8C13A9FE,1
515c6d7023ad31411c1f6b11e0b2f56810348bee,SOHLRVJ12A8C13A9A2,1
515c6d7023ad31411c1f6b11e0b2f56810348bee,SOMKGQN12A8C1339D2,1
515c6d7023ad31411c1f6b11e0b2f56810348bee,SOVSBWN12A813557F9,3
515c6d7023ad31411c1f6b11e0b2f56810348bee,SOWEUOO12A6D4F6D0C,1
bd64f193f0f53f09d44ff48fd52830ff2fded392,SOLXDDC12A6701FBFD,1
bd64f193f0f53f09d44ff48fd52830ff2fded392,SOTXXBT12A6D4F6B25,1
4782b9bb73322bf80329ce5989128a67bc538747,SOEKSGJ12A67AE227E,1
5d5e0142e54c3bb7b69f548c2ee55066c90700eb,SOTNWCI12AAF3B2028,3
e5a70dc3270e08ee11ab1325297eccb3158ce383,SOEORDW12A6D4FB045,3
c2d86e9cbf756ce05ea3c163e24de394585b7c53,SOPGXXV12AB0183709,1
ed3664f9cd689031fe4d0ed6c66503bdc3ad7cb6,SOEHTZE12A6310F0F2,1
884209a41deb55df792f074bccf8af1c1c31768b,SOCGOZK12A8151BD5D,1
884209a41deb55df792f074bccf8af1c1c31768b,SOGJPMB12A8C13A9DB,2
884209a41deb55df792f074bccf8af1c1c31768b,SOQLNEY12B0B8062FA,3
9b887e10a4711486085c4fae2d2599fc0d2c484d,SOBEVGM12A67ADBCA7,1
9b887e10a4711486085c4fae2d2599fc0d2c484d,SOEXSIN12A8C133B0A,1
9b887e10a4711486085c4fae2d2599fc0d2c484d,SOHIHSR12AB0184E8F,6
9b887e10a4711486085c4fae2d2599fc0d2c484d,SONQNPM12A67020A32,1
9b887e10a4711486085c4fae2d2599fc0d2c484d,SOOSBQP12A8C1353B6,1
9b887e10a4711486085c4fae2d2599fc0d2c484d,SORCKJU12A67021859,1
9b887e10a4711486085c4fae2d2599fc0d2c484d,SORLLRN12A58A7F1EE,1
9b887e10a4711486085c4fae2d2599fc0d2c484d,SOTEFFR12A8C144765,2
a520488fcf049bbb5cd847cfa4f884c740692780,SOHLRVJ12A8C13A9A2,1
a520488fcf049bbb5cd847cfa4f884c740692780,SOWCRYD12A6D4F6B70,1
8dcb524ff75e0ad0f0a80aaccadf7bbaa3b89a41,SOBVLUP12A8C140311,1
8dcb524ff75e0ad0f0a80aaccadf7bbaa3b89a41,SOGJPMB12A8C13A9DB,1
8dcb524ff75e0ad0f0a80aaccadf7bbaa3b89a41,SOSFTJL12A6701DEAD,1
8dcb524ff75e0ad0f0a80aaccadf7bbaa3b89a41,SOUBCNK12AB017CA1C,1
8dcb524ff75e0ad0f0a80aaccadf7bbaa3b89a41,SOYINSW12B0B80BEBD,1
e4c05157f8cebdf3b9d689c441ba97c5ed5db05b,SOGMESY12A67020F25,20
e4c05157f8cebdf3b9d689c441ba97c5ed5db05b,SOKESRD12A6701E91C,1
18dc95f354220b343e98ebbb7c8564291284ed9f,SOCQWMC12A8C1429D1,3
18dc95f354220b343e98ebbb7c8564291284ed9f,SODTTUB12AB0184F48,2
18dc95f354220b343e98ebbb7c8564291284ed9f,SODXTMM12AF729F8F1,1
18dc95f354220b343e98ebbb7c8564291284ed9f,SOIHJSD12A6701EB04,2
18dc95f354220b343e98ebbb7c8564291284ed9f,SOMTXSB12AF72ACC38,2
0ef42a19efb74d0a05c308d00636c8d8d41bec0c,SOMKGQN12A8C1339D2,2
2475b003df9c084c1488b2e63666e8cc87112180,SORJVDO12AF72A1970,2
2475b003df9c084c1488b2e63666e8cc87112180,SOWWOFM12A6D4F82F0,1
29e030a1eea04c06837b466a5328bf55133c84ae,SOUEUYT12A58A7DB62,1
85952991b8e3ca5803a08b0b2f9c6d71abf9bb5b,SOCHRXB12A8AE48069,2
85952991b8e3ca5803a08b0b2f9c6d71abf9bb5b,SOEHWGF12A6D4F8B2B,4
85952991b8e3ca5803a08b0b2f9c6d71abf9bb5b,SOOWKSP12AB018043B,1
85952991b8e3ca5803a08b0b2f9c6d71abf9bb5b,SOSMXVH12A58A7CA6C,1
2341121b6d6d2020303f02053dad60586e41034d,SOULTKQ12AB018A183,2
56b0a86f8093f90d1c9ab1762467c44808ceb672,SOKTJKI12A8C143254,3
56b0a86f8093f90d1c9ab1762467c44808ceb672,SONQBUB12A6D4F8ED0,6
06b31818386e598017a475f8e349b3ca31ba3178,SOWZVLJ12A58A7C2C8,8
e21477efb83bd323205ce6f5bd662f3df9d477e5,SOGDWHE12A6D4F794A,1
e21477efb83bd323205ce6f5bd662f3df9d477e5,SOGJPMB12A8C13A9DB,1
e21477efb83bd323205ce6f5bd662f3df9d477e5,SOJHUQN12A6D4F8EDE,1
e21477efb83bd323205ce6f5bd662f3df9d477e5,SOSNQQX12AF729C44C,1
e21477efb83bd323205ce6f5bd662f3df9d477e5,SOTEFFR12A8C144765,1
e21477efb83bd323205ce6f5bd662f3df9d477e5,SOWDXXY12A8C133818,1
e21477efb83bd323205ce6f5bd662f3df9d477e5,SOYHNTG12A6D4F5703,17
7d0317ddb859a960cb4836e7c7e9982a54fd64e2,SOCWJDB12A58A776AF,1
3187e658fd71be99d68d96f3a61a436c8a607365,SOGQWTX12AB017FD78,3
3187e658fd71be99d68d96f3a61a436c8a607365,SOJOBVT12A6701E062,1
3187e658fd71be99d68d96f3a61a436c8a607365,SOOCZWD12AB0185147,1
3187e658fd71be99d68d96f3a61a436c8a607365,SOVIUUB12AB017F36F,1
537340ff896dea11328910013cfe759413e1eeb3,SOEKSGJ12A67AE227E,1
4691b4c353503da2c108e372ff056a9ac847c4d1,SOLZOBD12AB0185720,7
4691b4c353503da2c108e372ff056a9ac847c4d1,SOOXLKF12A6D4F594A,2
12497e138741a0b94bb36a14bef32c9d0ee20fec,SOYSUZL12A6D4F9005,1
685480702e45a90a3b38b543941d8ebb422aeef3,SOEHWGF12A6D4F8B2B,1
685480702e45a90a3b38b543941d8ebb422aeef3,SOMTXSB12AF72ACC38,1
12a4a991c8b53cd6906995caed8b1f2bd3b6436a,SOLUABP12AF72A2CD2,1
12a4a991c8b53cd6906995caed8b1f2bd3b6436a,SOMTYLD12AF72A6883,3
1b704d4cddabea8258bd93497fcb73eab32fa592,SOASNQV12A8AE48819,1
1b704d4cddabea8258bd93497fcb73eab32fa592,SOCWAFA12A8AE48A78,1
1b704d4cddabea8258bd93497fcb73eab32fa592,SOIZLKI12A6D4F7B61,2
1b704d4cddabea8258bd93497fcb73eab32fa592,SOJELTQ12A8C1301E2,1
1b704d4cddabea8258bd93497fcb73eab32fa592,SOJHUQN12A6D4F8EDE,4
1b704d4cddabea8258bd93497fcb73eab32fa592,SONPYCF12AB01837AF,1
1b704d4cddabea8258bd93497fcb73eab32fa592,SOXFSTR12A8AE463B0,1
1b704d4cddabea8258bd93497fcb73eab32fa592,SOYCHDB12A8C13F2C8,1
a54543f7282b66b3c8423181bf2789e1c7eb2edc,SOLZOBD12AB0185720,1
e2f4c0d8b5b7e50c31931300e9339943fc0cca99,SOULTKQ12AB018A183,1
2e37aa820994c7e8465721a6a6ee78f48fc4df7a,SOTPQFM12AB017AC9E,1
956999576244ad42d6d41faac8505fbef0a4ccc1,SOEWUWF12A8C13D27A,2
956999576244ad42d6d41faac8505fbef0a4ccc1,SORTRUL12A6D4FA12A,4
fb41d1c374d093ab643ef3bcd70eeb258d479076,SOPKIWR12AF72AAB2F,2
fb41d1c374d093ab643ef3bcd70eeb258d479076,SOSELMV12A6D4FCF5A,1
806ccae96c8ecb1c198482aff785ccd6bbe17143,SOTNWCI12AAF3B2028,1
adbd40c4f3fe78e7f49f491ea04859ea07de1ed1,SOAOPCG12AC468D27E,1
adbd40c4f3fe78e7f49f491ea04859ea07de1ed1,SOMGPML12A8C13AE8C,1
adbd40c4f3fe78e7f49f491ea04859ea07de1ed1,SOTEFFR12A8C144765,1
adbd40c4f3fe78e7f49f491ea04859ea07de1ed1,SOZAPQT12A8C142821,1
999902c7302ca251b23f5c0d643debce084076d3,SOCOZST12A67020452,1
999902c7302ca251b23f5c0d643debce084076d3,SOPNFTX12A67020455,1
9a0215ffab0f8322aeb36fa6636444b050462a51,SOIZLKI12A6D4F7B61,2
9a0215ffab0f8322aeb36fa6636444b050462a51,SOQLNEY12B0B8062FA,1
9a0215ffab0f8322aeb36fa6636444b050462a51,SOTRDVJ12A8C13975E,1
9a0215ffab0f8322aeb36fa6636444b050462a51,SOULTKQ12AB018A183,1
cd7baa603618c40b9290bd05112061afefdde8ef,SOHJIWJ12AB0184EF9,1
5e3d8c9728270d6557453f0c738e7f443feef13e,SOWVTCS12AC468543B,1
be0a4b64e9689c46e94b5a9a9c7910ee61aeb16f,SONQBUB12A6D4F8ED0,3
0e695c8614e9d76a157f39d4b30e7b076d3f3147,SOECRTE12A8C14296D,1
8fce200f3912e9608e3b1463cdb9c3529aab5c08,SOPWKOX12A8C139D43,1
8fce200f3912e9608e3b1463cdb9c3529aab5c08,SOZAPQT12A8C142821,1
294e414d2d663a93691461909e6e1ba8d1fca2d8,SOEIQUY12AF72A086A,2
e3937c7c32f5b68422808a854a4a7a824ee448a5,SOYQXAU12A8C135A75,1
d463373940530414e6f3dbfa95f694fd8dd2d2f7,SOULTKQ12AB018A183,1
0a00498b9d607844a8826184ae7278097d1c008a,SOCVOFW12A6D227200,1
0a00498b9d607844a8826184ae7278097d1c008a,SOWFUUS12AB01800E7,2
0a00498b9d607844a8826184ae7278097d1c008a,SOWPAXV12A67ADA046,2
bcb944b714cd54d7e263b21c49074d6a147479a1,SOVAGPG12AB0189963,10
3851d01aa9d1b2505fa361b63940e8cdc9a3e754,SOEAXUV12A6D4F8FA2,1
3851d01aa9d1b2505fa361b63940e8cdc9a3e754,SOVAGPG12AB0189963,5
529b42cdbc379ad2e765aec6d3bad8a192038741,SOGPESA12AB0180D65,4
529b42cdbc379ad2e765aec6d3bad8a192038741,SOWACWC12AB01876FA,1
529b42cdbc379ad2e765aec6d3bad8a192038741,SOWPAXV12A67ADA046,4
d5618c6813c7a067646edcf9c7243ccb95919460,SOZAPQT12A8C142821,3
dd88ea94f605a63d9fc37a214127e3f00e85e42d,SORRGXW12A8C139847,2
610eaa449a4793ea791ff12252845f6002794c2a,SORLLRN12A58A7F1EE,5
53659e6ae51d163d5de5709c53707df87a669cfb,SOSXDVD12A58A7D78C,18
28b232e7ecb32c47c05b795a017786d4be96ef7e,SOMMJVR12A6D4F98E0,1
28b232e7ecb32c47c05b795a017786d4be96ef7e,SOQQABM12AF729A392,6
fa1e129119f9a5ca7b34d3566e6a8e7a0e0358bd,SODKOLK12A6D4FB6B1,1
fa1e129119f9a5ca7b34d3566e6a8e7a0e0358bd,SOUUNYT12AB0184F40,9
94d5bdc37683950e90c56c9b32721edb5d347600,SOKZTHA12A8C134830,1
94d5bdc37683950e90c56c9b32721edb5d347600,SONJBQX12A6D4F8382,1
94d5bdc37683950e90c56c9b32721edb5d347600,SONQBUB12A6D4F8ED0,3
94d5bdc37683950e90c56c9b32721edb5d347600,SONQNPM12A67020A32,1
94d5bdc37683950e90c56c9b32721edb5d347600,SOOTJIQ12A8C1368B9,1
94d5bdc37683950e90c56c9b32721edb5d347600,SOPDFZN12A670215C4,1
4273611413c7199a53ee116edc8d7b0ba56482d5,SOOGKOY12B34F33114,1
4273611413c7199a53ee116edc8d7b0ba56482d5,SOWXKLQ12A8C13C221,1
497f5a58ffeaa953d619e95ca5b8736e74b99127,SOUCKDH12A8C138FF5,1
ec25e3d78ea8374869a772dc58bb903528a3c9cc,SOFGXIF12A670215E4,1
ec25e3d78ea8374869a772dc58bb903528a3c9cc,SOTRDVJ12A8C13975E,1
5aa89364746d7f350d35a403da8f397bd9d32b41,SOCTJIL12A67ADAF3F,1
8d11c46a7c926f38b505eec8e6c4ebdafd255398,SONQBUB12A6D4F8ED0,1
f10e613636ee8e1f4d3a7f2b21ca9cd36d2e9d8d,SOLTIVF12AAFF43797,1
f10e613636ee8e1f4d3a7f2b21ca9cd36d2e9d8d,SOQHWMN12A6701E2D9,1
390c2e81bc9cf885608a0891c0a7eb13f1fd3336,SOULTKQ12AB018A183,1
e427f647c231c1bde8881eca5b2f5db9b3bcb2b4,SOKYJYU12AB0186429,13
e427f647c231c1bde8881eca5b2f5db9b3bcb2b4,SOLXDDC12A6701FBFD,1
fca15b7964a099b2860dfdb158a2430fb10c4384,SOULTKQ12AB018A183,1
95b2ebf54cd69d732fa433ee8994be5818793efb,SOJQBVB12A8C142CCE,1
9c4e14bbd043846b632d3737f08104dcaeb88142,SOEKSGJ12A67AE227E,3
9c4e14bbd043846b632d3737f08104dcaeb88142,SOGOAGM12AB017E99E,1
dde4fa01de271d51a4a5617ae79820cee7d26d96,SOEHWGF12A6D4F8B2B,2
dde4fa01de271d51a4a5617ae79820cee7d26d96,SOKTJKI12A8C143254,3
dde4fa01de271d51a4a5617ae79820cee7d26d96,SOMTXSB12AF72ACC38,2
4bc4ae71635b18628f4b0fde4ecb0a40d6d68bf5,SOLZOBD12AB0185720,3
4bc4ae71635b18628f4b0fde4ecb0a40d6d68bf5,SOQLNEY12B0B8062FA,4
4bc4ae71635b18628f4b0fde4ecb0a40d6d68bf5,SORLLRN12A58A7F1EE,1
4bc4ae71635b18628f4b0fde4ecb0a40d6d68bf5,SOULTKQ12AB018A183,4
2d4df82baf7a0c2f39706a40c25f96fa0c61ef19,SOEHWGF12A6D4F8B2B,2
4f18554aeb06f8d8612037549100d6d8d4afd021,SOCOZKO12B0B8066E3,1
fe76c9d535c5834e4a9b91c13e29be6460cb79c4,SOGCDYR12AC961854A,2
fe76c9d535c5834e4a9b91c13e29be6460cb79c4,SOJHUQN12A6D4F8EDE,1
39eb6b6dc155f96203daa8bc9cd7ea55dc25a7fd,SOHGMJH12AB0187130,1
51182330ee3e55d808df31a951032692c5cefe8a,SOEOMWI12A67ADB831,1
dd67a78d5f9d8140a0d83849441ca1807f7ea790,SOCQEHT12AB017F37F,1
dd67a78d5f9d8140a0d83849441ca1807f7ea790,SOWNKOB12A6310E331,10
e6fbcdd689ac0e85992536933f1f86503310447f,SOINDRZ12A6701DAF6,1
fd585aef5c32d3943bd6e7f9f39aa216ba659fd0,SOLSJHM12A8C139B46,1
2c218a60b3d777e9e12d56c2e065a9644b5e5f41,SODJAUI12AB0188C5E,1
c24ec42f0e449ff39a95a01f0795f833b898f71b,SOIZLKI12A6D4F7B61,1
c24ec42f0e449ff39a95a01f0795f833b898f71b,SOPDFZN12A670215C4,3
c24ec42f0e449ff39a95a01f0795f833b898f71b,SOULTKQ12AB018A183,3
a56bf59af6edc5ae6c92d61ddd214989332864e8,SOIZLKI12A6D4F7B61,5
fbc8b4327aa8ae38d17b567f486468ca10cacde3,SOVAGPG12AB0189963,16
0dd93f61fe69f292ac336715ef607214efb3dbaa,SOBEVGM12A67ADBCA7,4
0dd93f61fe69f292ac336715ef607214efb3dbaa,SOKXYUW12A8C140229,3
0dd93f61fe69f292ac336715ef607214efb3dbaa,SOULTKQ12AB018A183,3
3fd3acaa8dfeb94b0602a33085b44ebe80545dd2,SOBRZCG12A6702187D,1
3fd3acaa8dfeb94b0602a33085b44ebe80545dd2,SONQBUB12A6D4F8ED0,1
249e86c60ec6fce5c8588d51fd94e85dd47ecff7,SOOPVJI12AB0183957,1
6beb4699102775dab57aa406c5ea1217c4ff4869,SOLRYQR12A670215BF,2
6beb4699102775dab57aa406c5ea1217c4ff4869,SOTLLRE12A6D4F8EFF,7
a84d63685ee588d45679887fba2c5ad29a9c17e4,SOYDTJN12AF72A86B9,1
22d652f8891ba2186a4ce3ee8de7c192148108ef,SOFCFSC12B0B80ACDB,6
22d652f8891ba2186a4ce3ee8de7c192148108ef,SOVAGPG12AB0189963,10
22d652f8891ba2186a4ce3ee8de7c192148108ef,SOZAPQT12A8C142821,1
8fa25e588aeedaa539674babb75729ac9f31f15e,SOSPFTC12AB018E880,5
97e48f0f188e04dcdb0f8e20a29dacb881d80c9e,SOYHNTG12A6D4F5703,1
57e32b0cf88d1e3344dab420971ba46d08dd34bd,SONAEJC12A8AE45BB4,1
8bde0ae3eda6b6f26c8a91eb5750d416acb3d508,SOFLKHX12A6701C32A,2
9012fdca7eee0b946329367498a578adb5271ed8,SOKTJKI12A8C143254,1
9012fdca7eee0b946329367498a578adb5271ed8,SOULTKQ12AB018A183,1
3e85485842091c62ad86fa31f1e35799df1cf0c4,SONQNPM12A67020A32,24
4600442e761b6f636a08134b10b9b6c38cef6ba4,SOCHRXB12A8AE48069,4
4600442e761b6f636a08134b10b9b6c38cef6ba4,SONQBUB12A6D4F8ED0,2
332de6dcfc5b597500a661ab51a84653705b492b,SOWEUOO12A6D4F6D0C,7
b12c786deef0e618b5f277bc337f67128f425efe,SOFKTPP12A8C1385CA,1
b12c786deef0e618b5f277bc337f67128f425efe,SOHOOXT12A67ADA073,1
b12c786deef0e618b5f277bc337f67128f425efe,SOINDRZ12A6701DAF6,3
b12c786deef0e618b5f277bc337f67128f425efe,SOITFPA12A670201C6,9
b12c786deef0e618b5f277bc337f67128f425efe,SOTLLRE12A6D4F8EFF,1
b12c786deef0e618b5f277bc337f67128f425efe,SOYEJKC12A8C136E3D,1
4b65fe3f5e0caff1cd870637d0f05be160a721c4,SOQLLHX12AF72A3586,4
4b65fe3f5e0caff1cd870637d0f05be160a721c4,SOVPIUN12A6D4F8F1E,1
a8268c552c1122626ba8ab4d7cf2f799de7931b2,SOYVCJU12A67AD8617,1
b4e93ce145d511946e444cbd22c090b78735c99f,SOYCHDB12A8C13F2C8,1
c5d42aa00afa6889de703c49f40ecb26b1c401c4,SOPMKMD12A67020BD9,1
c5d42aa00afa6889de703c49f40ecb26b1c401c4,SOUZUPV12A6701E56D,2
c5d42aa00afa6889de703c49f40ecb26b1c401c4,SOVIPHT12A8C139E9B,1
ba8d1693c3c2153d4eb7952c786c575c1c68cc55,SOGACRX12A8AE48009,1
ba8d1693c3c2153d4eb7952c786c575c1c68cc55,SORKFNI12AB018214B,1
ba8d1693c3c2153d4eb7952c786c575c1c68cc55,SOULTKQ12AB018A183,1
08c129083a44492415e40b70d8f90755e15f4a91,SOQLNEY12B0B8062FA,2
d3284cec0f3d1f36f44e73c0e834d657ca39b61a,SOGQRTH12A6D4F41A0,1
d3284cec0f3d1f36f44e73c0e834d657ca39b61a,SOPCZSP12A8C13F03A,1
7ef2a3b074b34984f3f677bddde0f1813486cc10,SOKYXSZ12A6D4F6E92,7
c231bc806c239b1322421e66fc001822a9b2c2f0,SOBEVGM12A67ADBCA7,1
cb35a1b6ae2508fe236d3dd056707bf112930999,SOQRDOM12AB01809A9,1
98f6ec3ec16c5bcb3f37a6dc01ebb1110fb42f97,SOIXCFZ12A8AE462F5,1
98f6ec3ec16c5bcb3f37a6dc01ebb1110fb42f97,SOIZLKI12A6D4F7B61,1
98f6ec3ec16c5bcb3f37a6dc01ebb1110fb42f97,SOKJRSY12A58A7AA78,3
98f6ec3ec16c5bcb3f37a6dc01ebb1110fb42f97,SOQVXCF12AF72A419B,1
c78aa603dd64a81573f6050edf759bbc43bf7776,SOKTJKI12A8C143254,1
ec0bb33707cdc61a6999b41585a0e1f39d0ae6d3,SOARSSE12A58A7BA9A,1
ec0bb33707cdc61a6999b41585a0e1f39d0ae6d3,SOJMUAN12AB0183911,1
ec0bb33707cdc61a6999b41585a0e1f39d0ae6d3,SOJSJBM12A8C1390D7,1
ec0bb33707cdc61a6999b41585a0e1f39d0ae6d3,SOTEZMZ12A8C138355,1
5754f85d21738eef9974685227d6243e3ed617fe,SOKXYUW12A8C140229,20
5754f85d21738eef9974685227d6243e3ed617fe,SOYCHDB12A8C13F2C8,1
40e1c7170f652bc5b29dac49137bc7dab7396758,SOKZTHA12A8C134830,1
1b724b66314d54ad60efae79a106482072108afc,SOCHRXB12A8AE48069,2
446a9fcf3dfd3397b1d3e2d9fe8940fd7dd3da8c,SOBEVGM12A67ADBCA7,1
446a9fcf3dfd3397b1d3e2d9fe8940fd7dd3da8c,SOEHWGF12A6D4F8B2B,1
f927dddfe26b0c74ada3eaadca41bfb462c37ee4,SOLTIVF12AAFF43797,1
a47193586f18f5ea959cae4046da57c969e8ba5e,SOLZOBD12AB0185720,2
0e68e0821495382c78fbb91758c250c8edf0cfbb,SOAKDLX12A67ADAFC5,6
0e68e0821495382c78fbb91758c250c8edf0cfbb,SODWYJZ12AB018240F,3
36ee240f72368a68fe8bbe74c72330f4550032c7,SOQNPQX12A8C135E46,3
de4b6bc067e53e24a479ce0672a11af971c31c08,SOAOPCG12AC468D27E,1
de4b6bc067e53e24a479ce0672a11af971c31c08,SOFCFSC12B0B80ACDB,2
de4b6bc067e53e24a479ce0672a11af971c31c08,SOSQIHH12A8C13370B,1
de4b6bc067e53e24a479ce0672a11af971c31c08,SOXLQOI12AC3DF996D,1
e8612acfb1572297ea0eaaa1f27927d55fdcec65,SOBEVGM12A67ADBCA7,2
e8612acfb1572297ea0eaaa1f27927d55fdcec65,SOIZLKI12A6D4F7B61,2
e8612acfb1572297ea0eaaa1f27927d55fdcec65,SOJEJNX12A8AE49441,3
e8612acfb1572297ea0eaaa1f27927d55fdcec65,SOOXLKF12A6D4F594A,11
c3953e49b785c940f53a556abd9ca681c5ef48c5,SOFKEDR12A8C13D381,8
28d146f636c529e2becb72c6565be603b1fec869,SOCHRXB12A8AE48069,1
924aee632d58b1dd81c94cf71624dbaad40a2dac,SODQFQC12A8C13FD7A,1
fb6548e795d1c866f3079619da22fbcf1360e5a4,SOBNCYQ12AB01876B5,1
fb6548e795d1c866f3079619da22fbcf1360e5a4,SOIARWN12AF72A5A63,18
76bcebcaf7b1f20c857bb8a23d0030b086cf292f,SOTEFFR12A8C144765,1
2a0bfd858b2ed706d390d5b6562b8fafe26092ba,SOTSIIH12A8C13A516,1
0039bd8483d578997718cdc0bf6c7c88b679f488,SOEHTZE12A6310F0F2,1
0039bd8483d578997718cdc0bf6c7c88b679f488,SOUCKDH12A8C138FF5,1
68238e23f78df5e5e891c89f1ea1cfc9c85d9fe5,SOEHWGF12A6D4F8B2B,1
77448d704c1b9acc37037d400302ce7f8a9496c7,SOBEVGM12A67ADBCA7,1
77448d704c1b9acc37037d400302ce7f8a9496c7,SOEHWGF12A6D4F8B2B,2
77448d704c1b9acc37037d400302ce7f8a9496c7,SOGQNDO12AB0181930,2
77448d704c1b9acc37037d400302ce7f8a9496c7,SONQBUB12A6D4F8ED0,2
77448d704c1b9acc37037d400302ce7f8a9496c7,SOTEFFR12A8C144765,1
d7f7ead05fa700cc195dba2a5aa3e47cadcac4b0,SOPOPLW12A8C13A905,1
fd13b9d49c54e00ff413fe3c095ba581c7fc611e,SOXCKCV12A6D4F8F1F,3
fb2f2c0e39e233622c300c232a6287738007e34a,SOEMXXF12A6D4F932C,1
fb2f2c0e39e233622c300c232a6287738007e34a,SOPOJVI12A58A7E706,1
905e0bb88e1f84e1e59a597218ab626ceb9c9f3e,SOUTCRW12A8C13D937,1
a0c568ae4db80d68428a3d6c4a3aa6157d611c02,SOMDCSV12A6D4FCC4E,20
a36834ff1c3910e685a9787e4d16aade6f4d3294,SOCQWMC12A8C1429D1,1
826cb37d1226f97ccb3ba7c21a98c56fda02c120,SORMLXW12A58A76039,1
826cb37d1226f97ccb3ba7c21a98c56fda02c120,SOUYFXA12A6D4F8482,1
6b015fe063d77e86c3b995fe1c18a2fdce9b8946,SOEKSGJ12A67AE227E,2
6b015fe063d77e86c3b995fe1c18a2fdce9b8946,SOKZSOY12A81C206D5,1
9b633384fe2be667725bedc568d50a96532deca1,SOMVECE12A8C131335,1
0e2a5a5a473805d1a65ef7b9dc167942de56abab,SODKJWI12A8151BD74,3
681f1c40ec8538eb4d5d3c95b4aff1697bf6cda5,SODEIVI12A8C13266D,1
cfe2597d65893dd89ca0d8395d11ef5a2cc4bd80,SOUCKDH12A8C138FF5,3
8c25b634cf381c1d47f9301c7222a371ca0f4ef1,SOHWVJJ12AB0185F6D,1
8c25b634cf381c1d47f9301c7222a371ca0f4ef1,SOIPOJA12A8C13EDB7,1
f4cb73ae983e98577f46deeb0cb49a7fbd2f690f,SOOTJIQ12A8C1368B9,1
f4cb73ae983e98577f46deeb0cb49a7fbd2f690f,SOUXANT12A6D4FB048,1
1bdf12b7ed9b9dbe2822970c7ed0bc669e558c3f,SOKESRD12A6701E91C,1
1bdf12b7ed9b9dbe2822970c7ed0bc669e558c3f,SOPLIYZ12A6D4FBB08,1
38101377960ae50c563e4c7e9e719dd2d4b4991e,SOEHWGF12A6D4F8B2B,1
36c2856d06977ca806b5778b063e7b3ca829b07a,SOWEUOO12A6D4F6D0C,6
51bb4e13b0d2410da3d779af90092eee9b159e4a,SOABTKM12A8AE4721E,1
087b949b3fde63ddab83d61d4ba82a6f162bd50c,SOSIANM12AB018CC80,1
c54663dd2b08fe7517f634545093581b8175a924,SOUXANT12A6D4FB048,1
edc4e3b50cb4f23282a157edc7ca7cf09afcc093,SOQLNEY12B0B8062FA,1
530d2b9883106d185d2ce0e2069b89a90a63c55f,SOGXSWA12A6D4FBC99,1
530d2b9883106d185d2ce0e2069b89a90a63c55f,SOSQIHH12A8C13370B,2
9b392166d01817895c03dc190f4eff58153a25e3,SOCHPTV12A6BD53113,2
9b392166d01817895c03dc190f4eff58153a25e3,SOSDYAS12AB0180457,3
3cffdcdc03294b3712ad65df7d9701a655b4b735,SOVMKKT12A58A7F0CC,5
16cd9a19b5a433919b3cf86073670369e8d2e4f8,SOWGZFG12A8151AF41,2
7c8338a3cec437b18cd74e66d9e3c99f426f3d13,SOJHMFW12B0B80B79B,3
5424fc827e23610ac5378b63b33a1fc1156bc40c,SOGXSWA12A6D4FBC99,1
5424fc827e23610ac5378b63b33a1fc1156bc40c,SOKZILC12A6D4FBC9D,1
5424fc827e23610ac5378b63b33a1fc1156bc40c,SOSYMSX12A6310DFE2,2
5424fc827e23610ac5378b63b33a1fc1156bc40c,SOWXBLE12A6D4F8EE8,1
8207221df7894bb773bbe9814a4a8ef81b57acca,SOADCFY12A6310E353,1
8207221df7894bb773bbe9814a4a8ef81b57acca,SOPEGIG12A6D4F8CAB,2
e07a79f2d3e0db17991f6eb8d5a3314e22795748,SOAXAPU12A67020EF9,3
1a0ce538dfdb66bc665964473297990b17b4f710,SOAOPCG12AC468D27E,5
1a0ce538dfdb66bc665964473297990b17b4f710,SOSQIHH12A8C13370B,1
e697f7b095a4f7cd83f00575741cf5d1a1850b37,SOBEVGM12A67ADBCA7,3
faaa026f32172ae9b0ca52136787cc61fd4c4250,SOZIMLB12AF72AD1CD,2
8b5fe07fc882a8f77e06a4dd61d3b199db2be6c1,SOCEOAD12A5891FA33,1
037167e01a2b265b8ee59694db943f9556876be2,SOXOUJH12A6D4FC39B,2
69b7cacb67e4ab7aa9773b1e5010cc0fd98cc08f,SOCWJDB12A58A776AF,2
a1e5d316b5e5151d8079a063f5edb42fbb8d1aa3,SOLJQBW12A6702187B,1
a1e5d316b5e5151d8079a063f5edb42fbb8d1aa3,SONQBUB12A6D4F8ED0,11
a84dab2d0dd967d002cea226fbc0a6446bbb7014,SOUTCRW12A8C13D937,1
37a8e0d8e4fc8cc03be56671e063af20237d6019,SOLZOBD12AB0185720,1
50e8b82d39627c1aef0df5ad97b4a66a629c8edc,SORLLRN12A58A7F1EE,2
50e8b82d39627c1aef0df5ad97b4a66a629c8edc,SOXTQOC12A6D4F6C56,1
d11d53f1ebded8a07ed80d9c153ad862e168b0ff,SOMKGQN12A8C1339D2,1
d11d53f1ebded8a07ed80d9c153ad862e168b0ff,SONQBUB12A6D4F8ED0,1
c0b20c353055f4e82f098a41f5ce268007379b47,SORFVTH12A58A7D001,1
4926960fa1f2aa9f6c46bf591e83bb4e3d7f6a6f,SOULTKQ12AB018A183,2
10e1c96eeaf82f3076fe31bed9a67bb733ef9ff5,SOSYMSX12A6310DFE2,1
4bbaaf451f51a4d62e3691f79cc82aa0c2d0e663,SOCHPTV12A6BD53113,1
383fea5bdcd02eee18613da5812302ef3eaa2aec,SOCHPTV12A6BD53113,2
282add3168f225622c21bdc8f0caca630411f373,SONQBUB12A6D4F8ED0,1
282add3168f225622c21bdc8f0caca630411f373,SOUEUYT12A58A7DB62,1
134f64ac7c45b7b2808574df0cef33f96cf54b73,SOCGOZK12A8151BD5D,1
134f64ac7c45b7b2808574df0cef33f96cf54b73,SODKJWI12A8151BD74,1
134f64ac7c45b7b2808574df0cef33f96cf54b73,SOQLNEY12B0B8062FA,1
134f64ac7c45b7b2808574df0cef33f96cf54b73,SORJVDO12AF72A1970,1
cd4566f790e053cccf8448fe1d126f3c4ef2e996,SOIZLKI12A6D4F7B61,2
cd4566f790e053cccf8448fe1d126f3c4ef2e996,SOXFSTR12A8AE463B0,1
16f5dc37b96c153c462bf306ceef36112d36346e,SOIPOJA12A8C13EDB7,1
16f5dc37b96c153c462bf306ceef36112d36346e,SOTLLRE12A6D4F8EFF,1
818d363c191b02180f51d8569eb65ee8f2bdf888,SOEHTZE12A6310F0F2,1
818d363c191b02180f51d8569eb65ee8f2bdf888,SOHSGTX12A67020685,4
818d363c191b02180f51d8569eb65ee8f2bdf888,SOITBNC12AF72A0B2A,10
e9b86ca8cd62f072419112174f1a9427dd40aed7,SONNYOP12A8AE45715,1
e9b86ca8cd62f072419112174f1a9427dd40aed7,SOPMAEU12A67AE0C81,1
5696bf760215a24ba6f381b8e466828131ddf13b,SOEBCBI12AF72A154F,1
0d0f80a34807aab31a3521424d456d30bf2c93d9,SOUACBM12A6D4F9664,1
e859ed1b50bc1fd3a0fe3979bec8a633dfbfe344,SOEHWGF12A6D4F8B2B,1
e859ed1b50bc1fd3a0fe3979bec8a633dfbfe344,SOQBMLT12A8AE45F50,4
d2f7afe12fbd26fc2bed0039740fc6af579920c0,SOFMMKA12A58A7CBF5,1
09a1088c7189e85c1088d43749247fdc84881567,SOXDMAC12AB017E7FF,1
d3d1a42ae9889e9a4b0d0d8a484e62eb5cd5f7be,SONQBUB12A6D4F8ED0,1
671535e41cf20fc48311fccc5256aa1e18aca115,SOADCFY12A6310E353,1
671535e41cf20fc48311fccc5256aa1e18aca115,SOBVTQI12A6D4F80ED,1
bf00bdda03e001b3d8ab6a63f16a8bdc371648ee,SOJDHGS12A6310D85E,1
bf00bdda03e001b3d8ab6a63f16a8bdc371648ee,SONQBUB12A6D4F8ED0,1
cc62e608a1a21353e1673817973235cde4116bad,SOFKEDR12A8C13D381,2
cc62e608a1a21353e1673817973235cde4116bad,SOKXYUW12A8C140229,1
cc62e608a1a21353e1673817973235cde4116bad,SOKZTHA12A8C134830,1
cc62e608a1a21353e1673817973235cde4116bad,SOLTIVF12AAFF43797,1
cc62e608a1a21353e1673817973235cde4116bad,SOSELMV12A6D4FCF5A,1
fc604c906ec7bb98c494ef7659b0d3dc75503812,SOGJPMB12A8C13A9DB,1
d78ac5a502737fc0da12fe564b14654f58d87466,SOKZTHA12A8C134830,2
d78ac5a502737fc0da12fe564b14654f58d87466,SOUKMIK12A6D4F671E,1
d78ac5a502737fc0da12fe564b14654f58d87466,SOVOBYK12A67ADD753,4
73c3ca3eb795705018c5bded9cd6a5559cf62933,SOJHUQN12A6D4F8EDE,1
96de646dade100899a06e48d7df20846652b888f,SOVTZTF12A8C130A1A,3
da3752e8cc04d3b335d4d1149df799fbd47237c2,SODHVES12A6701CE6B,1
a0128276010825ca58b3c9006311f1d2c6f2483f,SOYVCJU12A67AD8617,4
8244d38b6505d44c6f44a4b29ad7fa260578e419,SOTEFFR12A8C144765,1
9c08ae642cda7f69dfa3f00c4593c848409bbfff,SOHIHSR12AB0184E8F,3
9c08ae642cda7f69dfa3f00c4593c848409bbfff,SOULTKQ12AB018A183,8
ac8f74463945daec00af6dbe0a8233c92e2d246f,SOPEGIG12A6D4F8CAB,1
ac1cb58f839ae6773732125e99b4a7394e0661e4,SOEILXI12AB017CBA6,2
cdcd976fdc8ac6375a807dcaee28d36fe00b6118,SOMMALW12A58A79E93,1
d370ea8c8bf4d08c34214abb7f17e482c2b774d4,SOBEVGM12A67ADBCA7,1
b5fa506db94aabf3f86e4a799e8af247a26680df,SOCTJIL12A67ADAF3F,1
b5fa506db94aabf3f86e4a799e8af247a26680df,SOKXYUW12A8C140229,1
a5684a503fb4e1079e0aa4ea223cdfa566bc1579,SOWEUOO12A6D4F6D0C,7
d63ab7dfb4913bacdd8d771216074d8cb3e887fd,SOCPYWK12AB01832C7,3
89b5eb4d62536570cbcf1dfe621f5d59125568fb,SOGMOAM12AB0189876,1
530b94ecae74ff525738bfd053f1bbee2a505078,SOSELMV12A6D4FCF5A,2
276aff7e222be66e5e69298f631c726907afa1cf,SOLZOBD12AB0185720,11
a288b2f9e7fa17486a33aa33203d53a542077d76,SOIVGLD12AB0183ACA,1
f8ae59c070d0b3fadc84c4d9f18475a61d7d37eb,SOSMXVH12A58A7CA6C,2
8e8b32a1621d2950fe9a6384d8fb594fd25525df,SOMGPML12A8C13AE8C,1
8e8b32a1621d2950fe9a6384d8fb594fd25525df,SOTEFFR12A8C144765,1
7f4c09f1e5b09f9f1f14a42708df71b44feb30e1,SOIZLKI12A6D4F7B61,2
7f4c09f1e5b09f9f1f14a42708df71b44feb30e1,SOPOJVI12A58A7E706,1
8b85519a101b28804ecd587783c5fcdffdf3bcfb,SOAZIRE12A6702046F,10
7be439230bebc2193fe80d33219313340819176a,SOCFXMH12A6D4FD1B8,1
7be439230bebc2193fe80d33219313340819176a,SOORODQ12A8C13C342,1
7be439230bebc2193fe80d33219313340819176a,SOQQABM12AF729A392,2
019d0d1c7a01f8736ba59a124160e5fc70666db7,SOGPIHB12A8C13EFB0,1
019d0d1c7a01f8736ba59a124160e5fc70666db7,SOMBTZH12A8C13BB75,1
019d0d1c7a01f8736ba59a124160e5fc70666db7,SORRETW12A58A7A840,1
019d0d1c7a01f8736ba59a124160e5fc70666db7,SOUPVWK12A6310EF7A,1
019d0d1c7a01f8736ba59a124160e5fc70666db7,SOVVITW12A8C146BD0,1
2aa991d816553f172338ba4834193aba92abb4c3,SOEIQUY12AF72A086A,1
7b544bb0c02878033e4e4eea4df0a10466a71405,SOTXXBT12A6D4F6B25,2
7b544bb0c02878033e4e4eea4df0a10466a71405,SOVLDWE12A8AE47F3E,6
fed37c4c49c9f217b3371c2f2c0e7541656e55cf,SOAVGKZ12A81C1FD16,1
fed37c4c49c9f217b3371c2f2c0e7541656e55cf,SOOPVJI12AB0183957,2
348e742bd90942cff36c5f9c31f1f0a3b7591753,SODNQJO12A6310F970,3
b2cbcf5ea3c6ea3ee41ceac0ef247c2b1ddedbdc,SOKXYUW12A8C140229,1
340859101b5970bf435a1ecb8c40652a428de8ee,SOEKSGJ12A67AE227E,1
9c8bdd66608468fe0779a978765aa8760572c99f,SOBEVGM12A67ADBCA7,3
9c8bdd66608468fe0779a978765aa8760572c99f,SOKXYUW12A8C140229,4
9c8bdd66608468fe0779a978765aa8760572c99f,SOLZOBD12AB0185720,5
3800316358cefa31ef7047a14134b5729654a761,SOJMUAN12AB0183911,1
5d5292006ba24728132385c17927c3ac00225498,SOBGRIE12A8C132032,1
0ec9cc33028dff6209aa49bf645ef64bdcbe00fc,SOJHUQN12A6D4F8EDE,5
2ecb1e0b9acbb2070fe7cde895824c3922dc783b,SOCGOZK12A8151BD5D,3
2ecb1e0b9acbb2070fe7cde895824c3922dc783b,SODKJWI12A8151BD74,2
2ecb1e0b9acbb2070fe7cde895824c3922dc783b,SOQLNEY12B0B8062FA,3
4f0ddb2be2780b5841f966a1c25210d89b8a8e85,SOQHWMN12A6701E2D9,1
85de112e63c6c3b4272ae71fa2ba2c5fd9e3032c,SOFDYYA12A58A78E73,3
85de112e63c6c3b4272ae71fa2ba2c5fd9e3032c,SONBMJI12A6D4F82B7,1
85de112e63c6c3b4272ae71fa2ba2c5fd9e3032c,SOOXLKF12A6D4F594A,3
85de112e63c6c3b4272ae71fa2ba2c5fd9e3032c,SOXAUYW12A6D4F7DAB,1
8f0e25d95d6e30f0993b9f57fca6c431d78f5a2d,SOEKSGJ12A67AE227E,2
8f0e25d95d6e30f0993b9f57fca6c431d78f5a2d,SOMNXCC12AB0187BE7,1
8f0e25d95d6e30f0993b9f57fca6c431d78f5a2d,SOMTXSB12AF72ACC38,1
8f0e25d95d6e30f0993b9f57fca6c431d78f5a2d,SOYVCJU12A67AD8617,2
2a8a8f48fd4eb5ca4b64874162df4fdf584d89c4,SOQOXXW12AF729F20B,1
2a8a8f48fd4eb5ca4b64874162df4fdf584d89c4,SOZQDRV12A8C133FB1,1
d605b7fe1645e05ff094b364b603456ce8126643,SOHTQAS12A6701C7BA,1
d605b7fe1645e05ff094b364b603456ce8126643,SONQBUB12A6D4F8ED0,3
7b9bce4c88f478500d4b5766acb1765f86983631,SOTSIIH12A8C13A516,2
d9f1290b068e09c6516cdfe115277cf24c3ae293,SOIZLKI12A6D4F7B61,2
88196b0f0c0d76e819237dd2853024263e6e1631,SOAYXCJ12AB0183822,2
88196b0f0c0d76e819237dd2853024263e6e1631,SOPZHFK12A8C135493,1
88196b0f0c0d76e819237dd2853024263e6e1631,SOSQIHH12A8C13370B,1
88196b0f0c0d76e819237dd2853024263e6e1631,SOUEFNG12A6D4F8640,2
88196b0f0c0d76e819237dd2853024263e6e1631,SOWGZFG12A8151AF41,2
c52c650431343b7a3f1e7d74cf4e404aa1e63745,SOWVTCS12AC468543B,1
6df748807f979d27c638229f6dd1d39a9a0b7f61,SOEVMQS12A6D4F9A77,3
86cfbc3e656e30fa56e5fc3ec23d8afcfc11a22f,SOUCKDH12A8C138FF5,1
5462b5897ac839f2e0a9b0a8e824c30dc7f30cd5,SOBHHUS12A58A78589,1
063ef0cd02c950d0fe5799257907d85c0d341470,SOSQIHH12A8C13370B,1
24d201191adfbd97d2cde9f440cf61bbaeaaa5a2,SOAXRPH12A6D4F802D,1
75be24a82525a5b466e4f518c95d72f20ef76ca0,SOUJNFK12AB0186B86,1
b380327f11d2f9899c701f51b4731de3caf6b139,SOULTKQ12AB018A183,2
5c855c96196f23de17179bf5ff3a46bbbe4ed45f,SOKNFFM12A81C216F3,4
f4c7c7eb3c53d3280baa28aed1506775f28812d3,SOQCDQE12A6D4F7682,1
1986f5657d2e87dff2c09be1eb705fed1866b399,SOEHTZE12A6310F0F2,1
ed0f4979ffddc0010244638a3b956510624dc6a9,SOIEAJT12A8AE458EC,2
1d0e2d525b7f35e333288e3d0095286baca23cd3,SOIZLKI12A6D4F7B61,2
1d0e2d525b7f35e333288e3d0095286baca23cd3,SOTJZBJ12A8C143A71,1
6c8cb7d7924a76edaf6e494f59277624087d40bb,SOVFUXP12AB018F6F0,1
6c8cb7d7924a76edaf6e494f59277624087d40bb,SOWEUOO12A6D4F6D0C,3
0cbf94d3a3f54e5bbd779dd389c1155418b3aa56,SOIZLKI12A6D4F7B61,9
beab889eff4a3493d8de6b962feeea8a1b5d62be,SOGXSWA12A6D4FBC99,1
beab889eff4a3493d8de6b962feeea8a1b5d62be,SONNYOP12A8AE45715,1
beab889eff4a3493d8de6b962feeea8a1b5d62be,SOWQTQZ12A58A7B63E,1
beab889eff4a3493d8de6b962feeea8a1b5d62be,SOWXBLE12A6D4F8EE8,3
e2ab3d64f84052226d05c89c4fff779a52bff97f,SOEHWGF12A6D4F8B2B,1
bb84b605789d898993e2c6fbda4d57a8bc8da369,SOEMXXF12A6D4F932C,1
d7f41adfaaa9ce6178371a8172c259775cfb82aa,SOKTJKI12A8C143254,1
61b5c914308cf06f29ecdf036e05aade87d48d47,SOPPBPK12A8C14683C,2
61b5c914308cf06f29ecdf036e05aade87d48d47,SOQLWQU12A8C13C87E,1
61b5c914308cf06f29ecdf036e05aade87d48d47,SOTYSQF12A8C13E0AA,2
ff18ea9a13583f7f7aaa83719e0b22ce5618e9cf,SOSQIHH12A8C13370B,1
70161ddbb03f14a972c47bcbcd883475b84a81a1,SOBWXDJ12A58A7725D,5
70161ddbb03f14a972c47bcbcd883475b84a81a1,SONHWEW12AF72A7F22,1
70161ddbb03f14a972c47bcbcd883475b84a81a1,SOVAGPG12AB0189963,19
dc7a0bb89d69e71780c33a9bf9084284fc294209,SOTNWCI12AAF3B2028,8
9ae23008dc462f59a7e5ac74d9fb03cb106096dc,SOIZLKI12A6D4F7B61,3
18bb5b0762063e6d2a5efc933b907a64ec926f32,SONTXFB12A8C145C15,2
7b4dcc25f741d2cf272d2fcfd04a032c68d38eec,SOGJPMB12A8C13A9DB,1
cb1a2953ca939209e26337a8d6d7c2716d6b4248,SONGBWJ12A58A7AB4D,1
57b4b9921b3eab5f8bcb76efece1accccffa1004,SOMGPML12A8C13AE8C,1
c5ef1f72c52de43647ef960e6a1e0c53ae37ef02,SOIZLKI12A6D4F7B61,1
c5ef1f72c52de43647ef960e6a1e0c53ae37ef02,SORJVDO12AF72A1970,1
c5ef1f72c52de43647ef960e6a1e0c53ae37ef02,SOXFSTR12A8AE463B0,1
2a294bd589db99006b60495697de1f4c3666e1a5,SOBHRGE12A8C13C81D,2
2a294bd589db99006b60495697de1f4c3666e1a5,SOUXEOI12A6D4FB18E,1
2a294bd589db99006b60495697de1f4c3666e1a5,SOWPAXV12A67ADA046,1
73e9e981d5fc2a6453cdfb5025e2fa0a144a4142,SOHIHSR12AB0184E8F,1
73e9e981d5fc2a6453cdfb5025e2fa0a144a4142,SOKXYUW12A8C140229,1
73e9e981d5fc2a6453cdfb5025e2fa0a144a4142,SOPMAEU12A67AE0C81,1
9642b099d56e3b2002a42320afbf83606bb06f2d,SOAOPCG12AC468D27E,1
9642b099d56e3b2002a42320afbf83606bb06f2d,SONQBUB12A6D4F8ED0,1
d253ea7a210de16f723a165fd8525e8fc73f3939,SOAOPCG12AC468D27E,4
9e924bdbca1f7eb8873741a929e133027fc2f593,SOODJPE12AB01815F8,1
763fd2b191396bd6343057f1d05e1649b1a6fbd6,SOULTKQ12AB018A183,1
0afcc0e9095c8efaa6efc60db63e5f3b7a5a5000,SOSNQQX12AF729C44C,1
14b46a393796e537e15eb2a6a2544a8f86e2e5cc,SOEKSGJ12A67AE227E,2
896b3326a69e0b39762896c7499dc681da56ac67,SOGQWTX12AB017FD78,1
896b3326a69e0b39762896c7499dc681da56ac67,SOIZLKI12A6D4F7B61,2
8465815105a293918b7f0f4b24837d93c894c89a,SOMKGQN12A8C1339D2,1
1ee591a388274035a4fd8a4ae40a9589d320bb9d,SODHVES12A6701CE6B,2
1ee591a388274035a4fd8a4ae40a9589d320bb9d,SOEHWGF12A6D4F8B2B,1
1ee591a388274035a4fd8a4ae40a9589d320bb9d,SOEKSGJ12A67AE227E,1
1ee591a388274035a4fd8a4ae40a9589d320bb9d,SOIZLKI12A6D4F7B61,1
1ee591a388274035a4fd8a4ae40a9589d320bb9d,SOQHWMN12A6701E2D9,1
1ee591a388274035a4fd8a4ae40a9589d320bb9d,SOUCKDH12A8C138FF5,1
1ee591a388274035a4fd8a4ae40a9589d320bb9d,SOULTKQ12AB018A183,1
6d4698e5c77b56e54c5e4ced67da7b99fb6dfdf6,SOLYAFD12A6702090E,1
40e30471ffecfd7b5731df8ad4ed4b7c62fb3b42,SOYNMIH12AB0181C0A,1
ac05a6127dd0098b594c273778838ab186fbaa43,SOCQWMC12A8C1429D1,2
3ae4bbc2b3f93e4d789f46a1a0d9c30a33063340,SONJBQX12A6D4F8382,1
1c923dcab3d9a822328e169930f313178be819a0,SOQHWMN12A6701E2D9,4
3ba3e50d6adecf296b904a1516a77cb5a64dfc2a,SOEHWGF12A6D4F8B2B,1
3ba3e50d6adecf296b904a1516a77cb5a64dfc2a,SOULTKQ12AB018A183,1
d838e97500dfcef25dc123ce501e2da0e6c361bb,SODQFQC12A8C13FD7A,1
ee6936a4d513142bd00d475dd3d3e6b08b88652f,SOYCHDB12A8C13F2C8,1
ddd4fe98c55187b75bbcc3488cd485a27cb26099,SOMURVQ12A67AD741A,3
ddd4fe98c55187b75bbcc3488cd485a27cb26099,SOOXLKF12A6D4F594A,4
ddd4fe98c55187b75bbcc3488cd485a27cb26099,SOQHWMN12A6701E2D9,1
ddd4fe98c55187b75bbcc3488cd485a27cb26099,SOWXBLE12A6D4F8EE8,1
5733e74e9200a729955fdc2d8160c3d92aa0ab6f,SOLZOBD12AB0185720,3
3fe43a74dc131f76d4de4a28db7e842bb5440dbd,SOGYYUL12A6D4FB2CB,5
348359b071d2c8855695c479672074548b43a4b0,SOPPBPK12A8C14683C,1
1ae87ee3f4cd5cff7ba443da3d41836182c08245,SOFSOCN12A8C143F5D,1
1ae87ee3f4cd5cff7ba443da3d41836182c08245,SOJHMFW12B0B80B79B,3
1ae87ee3f4cd5cff7ba443da3d41836182c08245,SOLOYFG12A8C133391,1
73cfbbfc36ec6f6d2fccb9dcc8fc28e2604e3a18,SOKMZQL12A58A76B19,1
f904f6ed9ac7c35f4771c69a9ef38e797e4e4baf,SOKXYUW12A8C140229,1
dac821fa75a40a9c1dd845864b120cda076f3813,SOCHRXB12A8AE48069,1
cea5d4345acd83e823e7e02839521455045c29b6,SOCQWMC12A8C1429D1,2
326dfffcfd9b8210d71626d91592cd03ba493b50,SOCHPTV12A6BD53113,2
326dfffcfd9b8210d71626d91592cd03ba493b50,SOVPIUN12A6D4F8F1E,24
b4bc8f00051edf047f120b6ccabc8b81e1927639,SOJHUQN12A6D4F8EDE,1
b4bc8f00051edf047f120b6ccabc8b81e1927639,SOZWVCA12A6D4F9774,1
5b27a99169fd85d31b9c46c6ebe16b42a40e9911,SOHTQAS12A6701C7BA,6
405d29f1c07646a27a3216a69d286fa080aab8e6,SOEHTZE12A6310F0F2,1
405d29f1c07646a27a3216a69d286fa080aab8e6,SOEHWGF12A6D4F8B2B,4
405d29f1c07646a27a3216a69d286fa080aab8e6,SOIZLKI12A6D4F7B61,1
405d29f1c07646a27a3216a69d286fa080aab8e6,SOKXYUW12A8C140229,9
405d29f1c07646a27a3216a69d286fa080aab8e6,SONQNPM12A67020A32,1
405d29f1c07646a27a3216a69d286fa080aab8e6,SOULTKQ12AB018A183,1
6279734d7e01ab803a6c5d1a49c9b902d2c554f1,SOIZLKI12A6D4F7B61,3
32fe8a8c93847b8771d357411d3aa73413d72779,SOPWHEV12AB017DC10,1
32fe8a8c93847b8771d357411d3aa73413d72779,SOZGQLE12AB018672C,1
4d996c8f99e52d6d20bb992631886dcd12651c65,SORKPVE12A81C20227,5
1dc0b27138685317425ff57338e49e3d383022f9,SOZFGOG12A58A7F755,1
867d0328105ef693b9b880b21c9c90fa04f34fa8,SONAEJC12A8AE45BB4,1
867d0328105ef693b9b880b21c9c90fa04f34fa8,SORKKTY12A8C132F3E,1
15ebca6f56d2dbbb94b5fb72f4b481ae9481f6af,SOIZLKI12A6D4F7B61,1
d4c9f015332918148fec230331d50e34d3c4c27b,SOWONPQ12A8BED02A8,1
76235885b32c4e8c82760c340dc54f9b608d7d7e,SODEIVI12A8C13266D,1
76235885b32c4e8c82760c340dc54f9b608d7d7e,SOIVSQZ12A6D4F68BF,1
76235885b32c4e8c82760c340dc54f9b608d7d7e,SOJHUQN12A6D4F8EDE,4
76235885b32c4e8c82760c340dc54f9b608d7d7e,SOKJITL12AB017E7FF,3
76235885b32c4e8c82760c340dc54f9b608d7d7e,SOPCZSP12A8C13F03A,4
76235885b32c4e8c82760c340dc54f9b608d7d7e,SOQLWQU12A8C13C87E,1
76235885b32c4e8c82760c340dc54f9b608d7d7e,SOWEUOO12A6D4F6D0C,5
97cef9e72f7e5327b1f32b1b22d04c9ba73116b9,SOIZLKI12A6D4F7B61,8
623ac6b147f4d4d25f8240fbcfad5c826e331e1d,SOGJPMB12A8C13A9DB,1
6968c412ccd247eb383129803054ba185fde91a3,SOBMNXE12A8C140F8A,1
6968c412ccd247eb383129803054ba185fde91a3,SORVKAX12A8C1343AA,3
6968c412ccd247eb383129803054ba185fde91a3,SOYNEVM12AB018439A,8
1d3ecbd9ff0c4efa33e5e77a9166ba5be1749ac2,SOHHJYE12A8AE47599,1
f1471722827e7707d4fbf25ab7b009f5183407ff,SOTEFFR12A8C144765,2
f950c72da3617fe94a02c753dfeedb5a7acf6def,SOINDRZ12A6701DAF6,2
f950c72da3617fe94a02c753dfeedb5a7acf6def,SOMGPML12A8C13AE8C,3
14a2164d869d1fb9562edb1a8e2bba195d17c184,SOFGXIF12A670215E4,6
14a2164d869d1fb9562edb1a8e2bba195d17c184,SOHQYKY12AB017A589,1
14a2164d869d1fb9562edb1a8e2bba195d17c184,SOJHUQN12A6D4F8EDE,1
14a2164d869d1fb9562edb1a8e2bba195d17c184,SOOXLKF12A6D4F594A,8
14a2164d869d1fb9562edb1a8e2bba195d17c184,SOUCKDH12A8C138FF5,2
058dfa536e28efc9dd0318beaeebd98b5190cced,SOLRYQR12A670215BF,3
49917cc2a92adfa6e6637bcd9e7f6756bbe51be1,SOBEHXG12A8C138D22,5
63336e6e694361f57b6cae9f67bf5d793f86e1fb,SOEHWGF12A6D4F8B2B,8
63336e6e694361f57b6cae9f67bf5d793f86e1fb,SOPDFZN12A670215C4,2
63336e6e694361f57b6cae9f67bf5d793f86e1fb,SOYHHHT12A6D4F7F97,14
0f78b75616a51fc40ff0ac27589c6901bc0637e8,SOAOOXO12AF72A787F,5
0f78b75616a51fc40ff0ac27589c6901bc0637e8,SOAVGKZ12A81C1FD16,1
0f78b75616a51fc40ff0ac27589c6901bc0637e8,SOBCSFE12A6D4F814A,2
0f78b75616a51fc40ff0ac27589c6901bc0637e8,SOCWJDB12A58A776AF,1
0f78b75616a51fc40ff0ac27589c6901bc0637e8,SOEFDKH12A58A7BECD,1
0f78b75616a51fc40ff0ac27589c6901bc0637e8,SOESQNH12A58A79AC3,1
0f78b75616a51fc40ff0ac27589c6901bc0637e8,SOOGMXN12A8C13954F,1
0f78b75616a51fc40ff0ac27589c6901bc0637e8,SOULTKQ12AB018A183,1
0f78b75616a51fc40ff0ac27589c6901bc0637e8,SOWVTCS12AC468543B,1
4d8014f71ac81811ede984330be78b1717a1c46c,SOIZLKI12A6D4F7B61,1
4d8014f71ac81811ede984330be78b1717a1c46c,SOYEJKC12A8C136E3D,1
38e14a812d745cf3c5e09918b31b6a4b7fe0227d,SOSORMU12AAA15E6F2,1
56b6469ac703c8f1aca0b0df8db384fd10d3a6ed,SOTBYJX12AB0188922,3
42fb07aaed4ccf666fa8a81dc38ff13ec106f896,SOKXYUW12A8C140229,1
42fb07aaed4ccf666fa8a81dc38ff13ec106f896,SOTEFFR12A8C144765,1
078bb0965eb5c6469410b740aee27d643f5e83c3,SOVPUVS12A6D4F7988,1
00a443baf550f4bbdd974ba73720abf2759166f3,SOIZLKI12A6D4F7B61,17
6cb4cf5afaa044c5bcf9db1ae8421167aa7a8f02,SOWVTCS12AC468543B,13
cc9fc2eccf0d6fe78d1fb2b0c3ff924f54482169,SOIZLKI12A6D4F7B61,2
41ef7daf3d368922c9676d3f90c8fe931cac1d35,SOEORDW12A6D4FB045,1
41ef7daf3d368922c9676d3f90c8fe931cac1d35,SOHTWLT12A8C13CFE1,1
41ef7daf3d368922c9676d3f90c8fe931cac1d35,SOURIGQ12AB017FCA3,1
80d0e18e5aae5bd6bc6b0cc917840dc9c63ed64d,SOHJIWJ12AB0184EF9,1
85f92f3711693ff3e833d77e606ab028807ed82d,SOGMESY12A67020F25,3
85f92f3711693ff3e833d77e606ab028807ed82d,SOITFPA12A670201C6,1
85f92f3711693ff3e833d77e606ab028807ed82d,SOZGQLE12AB018672C,1
85f92f3711693ff3e833d77e606ab028807ed82d,SOZZVMW12AB0183B52,2
8f01d61e7ffe38e0367709a43e107626148bad95,SOCHRXB12A8AE48069,9
8f01d61e7ffe38e0367709a43e107626148bad95,SODBPRG12A81C21AE1,2
c5f40b021c8c4c3964c042880c1c4304a1a6e2d1,SODXQTB12A8C13F0F7,1
c5f40b021c8c4c3964c042880c1c4304a1a6e2d1,SOKZTHA12A8C134830,1
4012a2b15ea8881a252a0cb5dbb6bfd7de926034,SOJBELS12A6D4FCE9A,1
4e11f45d732f4861772b2906f81a7d384552ad12,SOCGOZK12A8151BD5D,1
4e11f45d732f4861772b2906f81a7d384552ad12,SOEMXXF12A6D4F932C,1
4e11f45d732f4861772b2906f81a7d384552ad12,SOFKEIK12A6310D86A,1
4e11f45d732f4861772b2906f81a7d384552ad12,SOHJIWJ12AB0184EF9,1
4e11f45d732f4861772b2906f81a7d384552ad12,SOINDRZ12A6701DAF6,1
4e11f45d732f4861772b2906f81a7d384552ad12,SOIZLKI12A6D4F7B61,1
4e11f45d732f4861772b2906f81a7d384552ad12,SOJDHGS12A6310D85E,1
4e11f45d732f4861772b2906f81a7d384552ad12,SOJSGWO12AF72A2C49,1
4e11f45d732f4861772b2906f81a7d384552ad12,SOKXYUW12A8C140229,1
4e11f45d732f4861772b2906f81a7d384552ad12,SOLJQBW12A6702187B,1
4e11f45d732f4861772b2906f81a7d384552ad12,SOMKGQN12A8C1339D2,1
4e11f45d732f4861772b2906f81a7d384552ad12,SONQBUB12A6D4F8ED0,3
4e11f45d732f4861772b2906f81a7d384552ad12,SOOBOKE12A8C136227,1
4e11f45d732f4861772b2906f81a7d384552ad12,SOSYMSX12A6310DFE2,1
4e11f45d732f4861772b2906f81a7d384552ad12,SOTEFFR12A8C144765,3
4e11f45d732f4861772b2906f81a7d384552ad12,SOTUHWT12A58A7ABA9,1
4e11f45d732f4861772b2906f81a7d384552ad12,SOUHJKU12AB017DF67,1
4e11f45d732f4861772b2906f81a7d384552ad12,SOYDZUT12A8C13677D,1
4e11f45d732f4861772b2906f81a7d384552ad12,SOYXFLF12A6D4FBF4E,1
4e11f45d732f4861772b2906f81a7d384552ad12,SOZAPQT12A8C142821,1
4e11f45d732f4861772b2906f81a7d384552ad12,SOZCARG12A6D4F74D1,1
0ecb1f480ebb237dc7821c898c94219cdfe38789,SOKTJKI12A8C143254,3
d1dc21bf4d140a1f98e193dc8ebbe19e7929be23,SOBMNXE12A8C140F8A,10
d1dc21bf4d140a1f98e193dc8ebbe19e7929be23,SORNVVT12AF72A0C39,4
d1dc21bf4d140a1f98e193dc8ebbe19e7929be23,SOXNUWK12A8C140027,1
b7bee4e0abd7a0ce8c0a1ea9d6c03fe37a2d31be,SOBSEGK12A58A7BEBF,1
9dc8b0f000792df949a0a0ad8eba2724335568f7,SOJODUO12A6D4F69CD,1
9dc8b0f000792df949a0a0ad8eba2724335568f7,SOPKWKW12A8C1312BC,1
