TRAUCNU128F42671EB,SOWEZSI12A81C21CE6,Gipsy Kings,Tu Quieres Volver
TRBFXMJ12903CB50F6,SODCXXY12AB0187452,brokeNCYDE,Freaxxx
TRBBMHE128EF341D09,SOWPAXV12A67ADA046,Salt-N-Pepa,Push It
TRAUURC128E078EC6E,SOLXDDC12A6701FBFD,Eminem,I'm Back
TRAQVTO128F14696A6,SONJBQX12A6D4F8382,Daft Punk,Da Funk
TRAADLN128F14832E9,SONQBUB12A6D4F8ED0,The Rolling Stones,Angie (1993 Digital Remaster)
TRATTGW128F427A82D,SOMGPML12A8C13AE8C,Foals,Red Socks Pugie
TRAWBHE12903CBC4CB,SOULTKQ12AB018A183,B.o.B,Nothin' On You [feat. Bruno Mars] (Album Version)
TRALZBV128F4250E60,SOEBCBI12AF72A154F,The Knife,The Captain
TRAFTDN128F427C29D,SOFKTPP12A8C1385CA,Hot Chip,Hold On
TRAZORC128F426C323,SOGJPMB12A8C13A9DB,Cut Copy,Unforgettable Season
TRANBUW128F933C645,SOUCKDH12A8C138FF5,Coldplay,Don't Panic
TRBEGQC12903CAB228,SOZOEYP12AB0188C9D,Four Tet,Plastic People
TRBGELF128E07915B8,SOKHWZT12A58A7F198,Mase,My Harlem Lullaby (Album Version)
TRAAEEH128E0795DFE,SODHVES12A6701CE6B,Chris Rea,Driving Home For Christmas
TRAADLN128F14832E9,SONQBUB12A6D4F8ED0,The Rolling Stones,Angie (1993 Digital Remaster)
TRATHTH128F42BC347,SOZAPQT12A8C142821,Kings Of Leon,Ragoo
TRAURYF128F147805D,SOIZLKI12A6D4F7B61,Muse,Supermassive Black Hole (Album Version)
TRAICHS128E0785545,SOAXAPU12A67020EF9,Van Halen,"Dirty Movies\" (Album Version)"
TRARKEH128F1463CB2,SOHMLNS12A58A7DA68,The Sensational Alex Harvey Band,Delilah
TRAAKDG128F42A0ECB,SOEHWGF12A6D4F8B2B,Shakira Featuring Wyclef Jean,Hips Don't Lie (featuring Wyclef Jean)
TRAUAMA128C71965E5,SOVTFUO12A6310D813,Burning Spear,The Invasion (Aka Black Wa Da Da)
TRABVIZ128F42BA066,SOGAUIQ12A6D4F8262,Metallica,Hit The Lights
TRBDSWA128F92FE70A,SOCQWMC12A8C1429D1,Randy Travis,On The Other Hand (Album Version)
TRAWEIX128F14B0F05,SOUXEOI12A6D4FB18E,Pete Rock & C.L. Smooth,They Reminisce Over You (Single Version)
TRAAKDG128F42A0ECB,SOEHWGF12A6D4F8B2B,Shakira Featuring Wyclef Jean,Hips Don't Lie (featuring Wyclef Jean)
TRARUTP128E0797FC7,SOEKSGJ12A67AE227E,Linkin Park,Crawling (Album Version)
TRAURYF128F147805D,SOIZLKI12A6D4F7B61,Muse,Supermassive Black Hole (Album Version)
TRAWBHE12903CBC4CB,SOULTKQ12AB018A183,B.o.B,Nothin' On You [feat. Bruno Mars] (Album Version)
TRAUURC128E078EC6E,SOLXDDC12A6701FBFD,Eminem,I'm Back
TRAPJFL128F42AA7B4,SOAOOXO12AF72A787F,Foo Fighters,Still
TRAFWEV128F428D391,SOLUABP12AF72A2CD2,Cake,Alpha Beta Parking Lot
TRARAZI128F427F3B4,SOBBCFN12A8C13E4D9,Luis Alberto Spinetta,Llama y Verás
TRAADLN128F14832E9,SONQBUB12A6D4F8ED0,The Rolling Stones,Angie (1993 Digital Remaster)
TRATHTH128F42BC347,SOZAPQT12A8C142821,Kings Of Leon,Ragoo
TRAAGCZ128F93210FD,SOCHRXB12A8AE48069,Black Eyed Peas,Let's Get It Started
TRAQDUR128F931B4E9,SOYNEVM12AB018439A,Tom Petty,Wildflowers (Album Version)
TRAAFYL128E07856A7,SOLRYQR12A670215BF,Van Halen,Panama (Remastered Album Version)
TRAWIQY12903CCC64A,SOLLOSO12AB0184A7A,Evanescence,Missing (Live in Europe)
TRANBUW128F933C645,SOUCKDH12A8C138FF5,Coldplay,Don't Panic
TRAXGLQ12903CDBF13,SOVFUXP12AB018F6F0,Dropkick Murphys,Johnny_ I Hardly Knew Ya
TRBFURI128F1455498,SOLMCFH12A58A7FACE,KT Tunstall,Under The Weather
TRARMHA128F92E7D32,SOTPQFM12AB017AC9E,Descendents,I'm Not A Loser
TRADODV128F4283EB6,SOVFRDB12AB017FF3A,Mobb Deep,Got It Twisted
TRAWBHE12903CBC4CB,SOULTKQ12AB018A183,B.o.B,Nothin' On You [feat. Bruno Mars] (Album Version)
TRBDOVF128E0795641,SOBEVGM12A67ADBCA7,Sean Paul,Baby Boy [feat. Beyonce]
TRBDMIN128F147FCBB,SOYHHHT12A6D4F7F97,Phil Collins,One More Night
TRAZDPO128E078ECE6,SOHTQAS12A6701C7BA,Aerosmith,Crazy
TRAADLN128F14832E9,SONQBUB12A6D4F8ED0,The Rolling Stones,Angie (1993 Digital Remaster)
TRASSZI128F146EC5F,SOUEFNG12A6D4F8640,Snow Patrol,In My Arms
TRAAKDG128F42A0ECB,SOEHWGF12A6D4F8B2B,Shakira Featuring Wyclef Jean,Hips Don't Lie (featuring Wyclef Jean)
TRARUTP128E0797FC7,SOEKSGJ12A67AE227E,Linkin Park,Crawling (Album Version)
TRAFTDN128F427C29D,SOFKTPP12A8C1385CA,Hot Chip,Hold On
TRAKUNC128F147C549,SOGLABR12A6D4F9585,Soul Asylum,Freaks (Album Version)
TRAJPIQ128F14819A8,SOHOOXT12A67ADA073,The Rapture,The Devil
TRALMTD128E07862AC,SOPOJVI12A58A7E706,Redman,Jam 4 U
TRBEDVH128F14599C7,SOTXXBT12A6D4F6B25,Shaggy / Brian & Tony Gold,Hey Sexy Lady
TRAPJPD128F14572B3,SOZVTZB12A58A7AEE4,Vixen,American Dream
TRAEUIW12903D018F0,SOGCDYR12AC961854A,Jack Johnson,You And Your Heart
TRAXBLJ128F92EEBB1,SOUGLCH12A8C140306,Aisha Duo,Beneath an Evening Sky
TRASVOH12903CCDC0B,SOLZOBD12AB0185720,Usher,Hey Daddy (Daddy's Home)
TRBASRX12903C9FDA8,SOTRDVJ12A8C13975E,Nickelback,Savin' Me
TRAWBHE12903CBC4CB,SOULTKQ12AB018A183,B.o.B,Nothin' On You [feat. Bruno Mars] (Album Version)
TRBGRIP128F147FCA6,SOXFQVY12A58A7B456,Phil Collins,Everyday
TRATHTH128F42BC347,SOZAPQT12A8C142821,Kings Of Leon,Ragoo
TRAGYMA128EF34B55E,SOCHPTV12A6BD53113,Lionel Rogg,Die Kunst der Fuge_ BWV 1080 (2007 Digital Remaster): Contrapunctus XVII - Inversus
TRAZORC128F426C323,SOGJPMB12A8C13A9DB,Cut Copy,Unforgettable Season
TRAXYGR128EF3456B5,SOIQNWY12A67AD87D3,The Presets,Truth And Lies
TRAXDRW128F428A030,SOOHUOU12A8C1399A5,Dropkick Murphys,The Only Road (Album Version)
TRBGCAK128F425F3CC,SOHHJYE12A8AE47599,The Prodigy,Firestarter
TRAKLHO128F42BA554,SOJDHGS12A6310D85E,The Rolling Stones,Rocks Off
TRADAZP12903D0A480,SOHTWEG12AB018D11C,Cancer Bats,Sabotage
TRAMCND128F1466ACF,SOBTDFV12B0B80B789,Beastie Boys,Get It Together
TRAJPIQ128F14819A8,SOHOOXT12A67ADA073,The Rapture,The Devil
TRASSZI128F146EC5F,SOUEFNG12A6D4F8640,Snow Patrol,In My Arms
TRABCKL128F423A778,SOWQTQZ12A58A7B63E,Lupe Fiasco,Streets On Fire (Explicit Album Version)
TRBEBYV128F14A0B65,SOEORDW12A6D4FB045,ATB,Marrakech
TRBCJUF128F93190C2,SOHIHSR12AB0184E8F,Lily Allen,Everyone's At It
TRAYQLP128F92FA224,SOKXYUW12A8C140229,Beyoncé feat. Slim Thug,Check On It
TRBDHKL128F426BE45,SOKZTHA12A8C134830,Rihanna,Good Girl Gone Bad
TRBCJUF128F93190C2,SOHIHSR12AB0184E8F,Lily Allen,Everyone's At It
TRAILKS128F14A3AC9,SOMURVQ12A67AD741A,K-OS,AquaCityBoy
TRARTEH128F423DBC1,SOSQIHH12A8C13370B,Radiohead,15 Step
TRAWBHE12903CBC4CB,SOULTKQ12AB018A183,B.o.B,Nothin' On You [feat. Bruno Mars] (Album Version)
TRBCORE12903CD6FA0,SOGSOTK12A6D4FA596,Chris Rea,Josephine (French Edit)
TRBHQUM128F9309DE1,SOEILXI12AB017CBA6,Broadcast,Michael A Grammar
TRAAQCK128F92E8C33,SOFJNQR12A6D4FAE92,Lily Allen,U Killed It
TRABVIZ128F42BA066,SOGAUIQ12A6D4F8262,Metallica,Hit The Lights
TRACYXW128F4297569,SOHWVJJ12AB0185F6D,Whitesnake,Fool For Your Loving
TRBDBWW128F426D386,SODNUSO12A8C13A9FE,Bad Religion,Flat Earth Society (Album Version)
TRAGANK128F428A5CD,SOHLRVJ12A8C13A9A2,Rancid,Black Lung (Album Version)
TRBHLDQ128F423EF10,SOMKGQN12A8C1339D2,The White Stripes,Blue Orchid
TRBEERY128F4231A2E,SOVSBWN12A813557F9,P.O.D.,Eyes Of A Stranger (Album Version)
TRAUOPE128EF367610,SOWEUOO12A6D4F6D0C,Linkin Park,Given Up (Album Version)
TRAUURC128E078EC6E,SOLXDDC12A6701FBFD,Eminem,I'm Back
TRBEDVH128F14599C7,SOTXXBT12A6D4F6B25,Shaggy / Brian & Tony Gold,Hey Sexy Lady
TRARUTP128E0797FC7,SOEKSGJ12A67AE227E,Linkin Park,Crawling (Album Version)
TRANHYE128F92DE232,SOTNWCI12AAF3B2028,Taylor Swift,The Way I Loved You
TRBEBYV128F14A0B65,SOEORDW12A6D4FB045,ATB,Marrakech
TRAMXGR128E07822CC,SOPGXXV12AB0183709,Radiohead,Bullet Proof ... I Wish I Was (Acoustic)
TRAGSGF128E0780CA7,SOEHTZE12A6310F0F2,Coldplay,One I Love
TRASRXK128F9311176,SOCGOZK12A8151BD5D,Arctic Monkeys,Fake Tales Of San Francisco
TRAZORC128F426C323,SOGJPMB12A8C13A9DB,Cut Copy,Unforgettable Season
TRALEPN128F9311179,SOQLNEY12B0B8062FA,Arctic Monkeys,Dancing Shoes
TRBDOVF128E0795641,SOBEVGM12A67ADBCA7,Sean Paul,Baby Boy [feat. Beyonce]
TRAALCM128F4264370,SOEXSIN12A8C133B0A,Toni Braxton Featuring Shaggy,Christmas In Jamaica
TRBCJUF128F93190C2,SOHIHSR12AB0184E8F,Lily Allen,Everyone's At It
TRAIYDL128E0791583,SONQNPM12A67020A32,Rihanna,Music Of The Sun
TRBDOFA128F427C09D,SOOSBQP12A8C1353B6,Mariah Carey,Anytime You Need A Friend
TRAXUHM128E078900C,SORCKJU12A67021859,N.E.R.D.,Don't Worry About It (Edited)
TRAFYGO128F42727E7,SORLLRN12A58A7F1EE,Beyoncé,Be With You
TRBIFGK128F92F23A2,SOTEFFR12A8C144765,The Killers,A Dustland Fairytale
TRAGANK128F428A5CD,SOHLRVJ12A8C13A9A2,Rancid,Black Lung (Album Version)
TRASWQE128F146C987,SOWCRYD12A6D4F6B70,Oceansize,New Pin (edit)
TRASHPV128F4281CB1,SOBVLUP12A8C140311,The Strokes,Meet Me In The Bathroom
TRAZORC128F426C323,SOGJPMB12A8C13A9DB,Cut Copy,Unforgettable Season
TRBEHGH128E078DEDE,SOSFTJL12A6701DEAD,The Roots,Act Won (Things Fall Apart)
TRAKPJU128F9300B55,SOUBCNK12AB017CA1C,Aesop Rock,Limelighters (feat. Camp Lo) / Flunkadelic Interlude
TRAQRHA128F93001EB,SOYINSW12B0B80BEBD,The Strokes,Between Love & Hate
TRAFAJC128E078888B,SOGMESY12A67020F25,Queens Of The Stone Age,This Lullaby
TRBHJPQ128E078ED8F,SOKESRD12A6701E91C,Queens Of The Stone Age,Everybody's Gonna Be Happy
TRBDSWA128F92FE70A,SOCQWMC12A8C1429D1,Randy Travis,On The Other Hand (Album Version)
TRAWYNV128F92F5E7E,SODTTUB12AB0184F48,Guns N' Roses,Catcher In The Rye
TRADESF128F4214D8E,SODXTMM12AF729F8F1,Guns N' Roses,Mama Kin
TRAGBPI128E0792998,SOIHJSD12A6701EB04,Guns N' Roses,Locomotive (Complicity)
TRBAUVN128F932FEF8,SOMTXSB12AF72ACC38,Britney Spears,Oops!...I Did It Again
TRBHLDQ128F423EF10,SOMKGQN12A8C1339D2,The White Stripes,Blue Orchid
TRADYQK128F42A762A,SORJVDO12AF72A1970,Muse,Stockholm Syndrome
TRBIBOJ128F14618D4,SOWWOFM12A6D4F82F0,Dilated Peoples Featuring Black Thought,Hard Hitters
TRAWCIC128F92FE36A,SOUEUYT12A58A7DB62,Despina Vandi,Gia
TRAAGCZ128F93210FD,SOCHRXB12A8AE48069,Black Eyed Peas,Let's Get It Started
TRAAKDG128F42A0ECB,SOEHWGF12A6D4F8B2B,Shakira Featuring Wyclef Jean,Hips Don't Lie (featuring Wyclef Jean)
TRADFCO12903CA9439,SOOWKSP12AB018043B,Céline Dion,The Reason I Go On
TRABQZK128F92F54F4,SOSMXVH12A58A7CA6C,Shakira,Pienso En Ti
TRAWBHE12903CBC4CB,SOULTKQ12AB018A183,B.o.B,Nothin' On You [feat. Bruno Mars] (Album Version)
TRATBNG128F92CADA8,SOKTJKI12A8C143254,Daddy Yankee,Llamado De Emergencia
TRAADLN128F14832E9,SONQBUB12A6D4F8ED0,The Rolling Stones,Angie (1993 Digital Remaster)
TRAUAQR128F9349BE2,SOWZVLJ12A58A7C2C8,Passion,Jesus_ Lover Of My Soul (Bonus Stereo Trax)
TRAMDQE128F1458F98,SOGDWHE12A6D4F794A,Public Image Ltd,The Suit
TRAZORC128F426C323,SOGJPMB12A8C13A9DB,Cut Copy,Unforgettable Season
TRASDOI128F1480E28,SOJHUQN12A6D4F8EDE,Paramore,Emergency (Album Version)
TRADZXK128F429DB92,SOSNQQX12AF729C44C,The Killers,Show You How
TRBIFGK128F92F23A2,SOTEFFR12A8C144765,The Killers,A Dustland Fairytale
TRBFUPH128F426310A,SOWDXXY12A8C133818,Big Audio Dynamite,Free (lp)
TRAAVRJ128F92FF90A,SOYHNTG12A6D4F5703,!!!,Myth Takes
TRAXLZU12903D05F94,SOCWJDB12A58A776AF,Rick Astley,Never Gonna Give You Up
TRARCZH12903CF7D2F,SOGQWTX12AB017FD78,Bad Company,Rock Steady
TRAJPUF128E0784808,SOJOBVT12A6701E062,Rainbow,Can't Happen Here
TRBIBAQ128F93279F5,SOOCZWD12AB0185147,Bad Company,Crazy Circles
TRAWVNL128F9327983,SOVIUUB12AB017F36F,Bad Company,Call On Me
TRARUTP128E0797FC7,SOEKSGJ12A67AE227E,Linkin Park,Crawling (Album Version)
TRASVOH12903CCDC0B,SOLZOBD12AB0185720,Usher,Hey Daddy (Daddy's Home)
TRATKVY128EF35F97A,SOOXLKF12A6D4F594A,Maroon 5,Harder To Breathe
TRBCBXZ128F14628C3,SOYSUZL12A6D4F9005,Lighthouse Family,Ocean Drive
TRAAKDG128F42A0ECB,SOEHWGF12A6D4F8B2B,Shakira Featuring Wyclef Jean,Hips Don't Lie (featuring Wyclef Jean)
TRBAUVN128F932FEF8,SOMTXSB12AF72ACC38,Britney Spears,Oops!...I Did It Again
TRAFWEV128F428D391,SOLUABP12AF72A2CD2,Cake,Alpha Beta Parking Lot
TRAOYFS128F423E593,SOMTYLD12AF72A6883,My Chemical Romance,Interlude (Album Version)
TRAUTTP128F425BDEB,SOASNQV12A8AE48819,The Prodigy,Charly (Trip Into Drum And Bass Version) (Remastered)
TRBFVAA128F423C356,SOCWAFA12A8AE48A78,The Prodigy,Wake Up Call (Album Version)
TRAURYF128F147805D,SOIZLKI12A6D4F7B61,Muse,Supermassive Black Hole (Album Version)
TRATIAH128F426B422,SOJELTQ12A8C1301E2,Nightwish,The Poet And The Pendulum
TRASDOI128F1480E28,SOJHUQN12A6D4F8EDE,Paramore,Emergency (Album Version)
TRAWAXO12903CB2364,SONPYCF12AB01837AF,Atomic Rooster,The Rock
TRAZCOX128F42B6555,SOXFSTR12A8AE463B0,Muse,The Small Print
TRAQJMP128F92E3821,SOYCHDB12A8C13F2C8,Muse,Can't Take My Eyes Off You
TRASVOH12903CCDC0B,SOLZOBD12AB0185720,Usher,Hey Daddy (Daddy's Home)
TRAWBHE12903CBC4CB,SOULTKQ12AB018A183,B.o.B,Nothin' On You [feat. Bruno Mars] (Album Version)
TRARMHA128F92E7D32,SOTPQFM12AB017AC9E,Descendents,I'm Not A Loser
TRBFIHG128F4289CF9,SOEWUWF12A8C13D27A,The Ataris,Make It Last
TRADGQI128F1472928,SORTRUL12A6D4FA12A,Nelson Ned,Mi Sangre Latino
TRAOSFC128F42618F6,SOPKIWR12AF72AAB2F,Harry Connick_ Jr.,Here Comes The Big Parade
TRAUOEY128F421CBD3,SOSELMV12A6D4FCF5A,Amy Winehouse,Valerie
TRANHYE128F92DE232,SOTNWCI12AAF3B2028,Taylor Swift,The Way I Loved You
TRBHKXX128F4252D02,SOAOPCG12AC468D27E,Radiohead,Everything In Its Right Place
TRATTGW128F427A82D,SOMGPML12A8C13AE8C,Foals,Red Socks Pugie
TRBIFGK128F92F23A2,SOTEFFR12A8C144765,The Killers,A Dustland Fairytale
TRATHTH128F42BC347,SOZAPQT12A8C142821,Kings Of Leon,Ragoo
TRBGQAB128E07877E4,SOCOZST12A67020452,Red Hot Chili Peppers,Parallel Universe (Album Version)
TRACMMG128F146D705,SOPNFTX12A67020455,Red Hot Chili Peppers,Get On Top (Album Version)
TRAURYF128F147805D,SOIZLKI12A6D4F7B61,Muse,Supermassive Black Hole (Album Version)
TRALEPN128F9311179,SOQLNEY12B0B8062FA,Arctic Monkeys,Dancing Shoes
TRBASRX12903C9FDA8,SOTRDVJ12A8C13975E,Nickelback,Savin' Me
TRAWBHE12903CBC4CB,SOULTKQ12AB018A183,B.o.B,Nothin' On You [feat. Bruno Mars] (Album Version)
TRAUMIT128F424DA18,SOHJIWJ12AB0184EF9,Weezer,Dope Nose
TRAOAYQ12903CFE05C,SOWVTCS12AC468543B,Justin,Show Me
TRAADLN128F14832E9,SONQBUB12A6D4F8ED0,The Rolling Stones,Angie (1993 Digital Remaster)
TRAWLYF128F92D9EE0,SOECRTE12A8C14296D,Blue October,Blue Skies
TRAIELD128F92DC682,SOPWKOX12A8C139D43,Kings Of Leon,Genius
TRATHTH128F42BC347,SOZAPQT12A8C142821,Kings Of Leon,Ragoo
TRAMCGL128F92F3D87,SOEIQUY12AF72A086A,The Mars Volta,Eriatarka
TRAWJDS128F4262D92,SOYQXAU12A8C135A75,M83,Let Men Burn Stars
TRAWBHE12903CBC4CB,SOULTKQ12AB018A183,B.o.B,Nothin' On You [feat. Bruno Mars] (Album Version)
TRAJOPN128F423BEC3,SOCVOFW12A6D227200,Wolfmother,Dimension
TRBAUHT128F92F0657,SOWFUUS12AB01800E7,Nickelback,If Today Was Your Last Day (Album Version)
TRBBMHE128EF341D09,SOWPAXV12A67ADA046,Salt-N-Pepa,Push It
TRAWLYS12903CCFEFC,SOVAGPG12AB0189963,Joa~o Gilberto,Samba De Una Nota So´
TRBIAHA128F42A4C9B,SOEAXUV12A6D4F8FA2,Public Image Ltd,This Is Not A Love Song
TRAWLYS12903CCFEFC,SOVAGPG12AB0189963,Joa~o Gilberto,Samba De Una Nota So´
TRATUPO128F9305A5C,SOGPESA12AB0180D65,The Knux,Bang! Bang!
TRBFBOG128F9356C6E,SOWACWC12AB01876FA,EPMD,Head Banger
TRBBMHE128EF341D09,SOWPAXV12A67ADA046,Salt-N-Pepa,Push It
TRATHTH128F42BC347,SOZAPQT12A8C142821,Kings Of Leon,Ragoo
TRBGHJG128F428ADB4,SORRGXW12A8C139847,Lit,Lovely Day
TRAFYGO128F42727E7,SORLLRN12A58A7F1EE,Beyoncé,Be With You
TRALZUL128F4236D23,SOSXDVD12A58A7D78C,Sugar Ray,Mean Machine (Remastered LP Version)
TRBAMXF128F1470AD6,SOMMJVR12A6D4F98E0,Red Hot Chili Peppers,Hard To Concentrate (Album Version)
TRADCHC128F42134B5,SOQQABM12AF729A392,Blackalicious,Rock the Spot
TRBBDXO128F14A4737,SODKOLK12A6D4FB6B1,Tommy James And The Shondells,Gettin' Together
TRBCGRI128F93355E9,SOUUNYT12AB0184F40,Teenage Fanclub,It's All In My Mind
TRBDHKL128F426BE45,SOKZTHA12A8C134830,Rihanna,Good Girl Gone Bad
TRAQVTO128F14696A6,SONJBQX12A6D4F8382,Daft Punk,Da Funk
TRAADLN128F14832E9,SONQBUB12A6D4F8ED0,The Rolling Stones,Angie (1993 Digital Remaster)
TRAIYDL128E0791583,SONQNPM12A67020A32,Rihanna,Music Of The Sun
TRBBCVJ128F425BE2C,SOOTJIQ12A8C1368B9,Catupecu Machu,A Veces Vuelvo
TRBHLXQ128E07856AC,SOPDFZN12A670215C4,Van Halen,Why Can't This Be Love (Remastered Version)
TRAIZQI128F42A51F9,SOOGKOY12B34F33114,Matisyahu,Refuge
TRACTLX128F42A51F6,SOWXKLQ12A8C13C221,Matisyahu,Exaltation
TRANBUW128F933C645,SOUCKDH12A8C138FF5,Coldplay,Don't Panic
TRBDQLL128E078B757,SOFGXIF12A670215E4,Missy Higgins,Ten Days (Album Version)
TRBASRX12903C9FDA8,SOTRDVJ12A8C13975E,Nickelback,Savin' Me
TRACFZI128E0795424,SOCTJIL12A67ADAF3F,Saosin,Bury Your Head
TRAADLN128F14832E9,SONQBUB12A6D4F8ED0,The Rolling Stones,Angie (1993 Digital Remaster)
TRAIVMM12903CFAD62,SOLTIVF12AAFF43797,Bob Marley,Lively Up Yourself
TRAWRKT128E0788857,SOQHWMN12A6701E2D9,Rise Against,Swing Life Away
TRAWBHE12903CBC4CB,SOULTKQ12AB018A183,B.o.B,Nothin' On You [feat. Bruno Mars] (Album Version)
TRAYUXO12903C99CBF,SOKYJYU12AB0186429,The Fray,You Found Me
TRAUURC128E078EC6E,SOLXDDC12A6701FBFD,Eminem,I'm Back
TRAWBHE12903CBC4CB,SOULTKQ12AB018A183,B.o.B,Nothin' On You [feat. Bruno Mars] (Album Version)
TRBGTPK128F429E5D5,SOJQBVB12A8C142CCE,Aesop Rock,Coma
TRARUTP128E0797FC7,SOEKSGJ12A67AE227E,Linkin Park,Crawling (Album Version)
TRAZBRT128F9305CE3,SOGOAGM12AB017E99E,RUN-DMC vs. Jason Nevins,It's Like That
TRAAKDG128F42A0ECB,SOEHWGF12A6D4F8B2B,Shakira Featuring Wyclef Jean,Hips Don't Lie (featuring Wyclef Jean)
TRATBNG128F92CADA8,SOKTJKI12A8C143254,Daddy Yankee,Llamado De Emergencia
TRBAUVN128F932FEF8,SOMTXSB12AF72ACC38,Britney Spears,Oops!...I Did It Again
TRASVOH12903CCDC0B,SOLZOBD12AB0185720,Usher,Hey Daddy (Daddy's Home)
TRALEPN128F9311179,SOQLNEY12B0B8062FA,Arctic Monkeys,Dancing Shoes
TRAFYGO128F42727E7,SORLLRN12A58A7F1EE,Beyoncé,Be With You
TRAWBHE12903CBC4CB,SOULTKQ12AB018A183,B.o.B,Nothin' On You [feat. Bruno Mars] (Album Version)
TRAAKDG128F42A0ECB,SOEHWGF12A6D4F8B2B,Shakira Featuring Wyclef Jean,Hips Don't Lie (featuring Wyclef Jean)
TRBDIOP128EF35F99C,SOCOZKO12B0B8066E3,Maroon 5,Sweetest Goodbye
TRAEUIW12903D018F0,SOGCDYR12AC961854A,Jack Johnson,You And Your Heart
TRASDOI128F1480E28,SOJHUQN12A6D4F8EDE,Paramore,Emergency (Album Version)
TRAIGNN128F9326AB4,SOHGMJH12AB0187130,Killswitch Engage,In A Dead World (Album Version)
TRBCSLF128E0795524,SOEOMWI12A67ADB831,Jimmy Cliff,Million Teardrops
TRARJEM128F92E444D,SOCQEHT12AB017F37F,David Arkenstone,Big Bounce
TRBBJVD128E07826F3,SOWNKOB12A6310E331,William Orbit,Deus Ex Machina
TRADKAX128E0786B92,SOINDRZ12A6701DAF6,Death From Above 1979,Romantic Rights
TRBALRR128F429625D,SOLSJHM12A8C139B46,Britney Spears,Can't Make You Love Me
TRADTQJ128F9340624,SODJAUI12AB0188C5E,Soda Stereo,Persiana Americana (Live)
TRAURYF128F147805D,SOIZLKI12A6D4F7B61,Muse,Supermassive Black Hole (Album Version)
TRBHLXQ128E07856AC,SOPDFZN12A670215C4,Van Halen,Why Can't This Be Love (Remastered Version)
TRAWBHE12903CBC4CB,SOULTKQ12AB018A183,B.o.B,Nothin' On You [feat. Bruno Mars] (Album Version)
TRAURYF128F147805D,SOIZLKI12A6D4F7B61,Muse,Supermassive Black Hole (Album Version)
TRAWLYS12903CCFEFC,SOVAGPG12AB0189963,Joa~o Gilberto,Samba De Una Nota So´
TRBDOVF128E0795641,SOBEVGM12A67ADBCA7,Sean Paul,Baby Boy [feat. Beyonce]
TRAYQLP128F92FA224,SOKXYUW12A8C140229,Beyoncé feat. Slim Thug,Check On It
TRAWBHE12903CBC4CB,SOULTKQ12AB018A183,B.o.B,Nothin' On You [feat. Bruno Mars] (Album Version)
TRAQQVR128F4255A3A,SOBRZCG12A6702187D,Gorillaz,White Light
TRAADLN128F14832E9,SONQBUB12A6D4F8ED0,The Rolling Stones,Angie (1993 Digital Remaster)
TRALDUE128F9312AF2,SOOPVJI12AB0183957,Snow Patrol,Just Say Yes
TRAAFYL128E07856A7,SOLRYQR12A670215BF,Van Halen,Panama (Remastered Album Version)
TRAWMMI128F149CB27,SOTLLRE12A6D4F8EFF,Dexys Midnight Runners,Breaking Down The Walls Of Heartache
TRBFLER128F148C52B,SOYDTJN12AF72A86B9,The Mighty Mighty Bosstones,Pictures To Prove It
TRAVVBW128F42819B2,SOFCFSC12B0B80ACDB,Belle & Sebastian,Stay Loose
TRAWLYS12903CCFEFC,SOVAGPG12AB0189963,Joa~o Gilberto,Samba De Una Nota So´
TRATHTH128F42BC347,SOZAPQT12A8C142821,Kings Of Leon,Ragoo
TRAXJEL12903CEBC7E,SOSPFTC12AB018E880,Sukhwinder Singh,O Raaje
TRAAVRJ128F92FF90A,SOYHNTG12A6D4F5703,!!!,Myth Takes
TRAPUDN128F423B45C,SONAEJC12A8AE45BB4,Slipknot,Gently (Album Version)
TRANRFB128F1481F1E,SOFLKHX12A6701C32A,Robert Palmer,Looking For Clues
TRATBNG128F92CADA8,SOKTJKI12A8C143254,Daddy Yankee,Llamado De Emergencia
TRAWBHE12903CBC4CB,SOULTKQ12AB018A183,B.o.B,Nothin' On You [feat. Bruno Mars] (Album Version)
TRAIYDL128E0791583,SONQNPM12A67020A32,Rihanna,Music Of The Sun
TRAAGCZ128F93210FD,SOCHRXB12A8AE48069,Black Eyed Peas,Let's Get It Started
TRAADLN128F14832E9,SONQBUB12A6D4F8ED0,The Rolling Stones,Angie (1993 Digital Remaster)
TRAUOPE128EF367610,SOWEUOO12A6D4F6D0C,Linkin Park,Given Up (Album Version)
TRAFTDN128F427C29D,SOFKTPP12A8C1385CA,Hot Chip,Hold On
TRAJPIQ128F14819A8,SOHOOXT12A67ADA073,The Rapture,The Devil
TRADKAX128E0786B92,SOINDRZ12A6701DAF6,Death From Above 1979,Romantic Rights
TRACUXJ128E0785F2B,SOITFPA12A670201C6,The Rapture,Killing
TRAWMMI128F149CB27,SOTLLRE12A6D4F8EFF,Dexys Midnight Runners,Breaking Down The Walls Of Heartache
TRAHQWU128F4277B78,SOYEJKC12A8C136E3D,Red I Flight,Of Myth And Men (Album Version)
TRAKXMS12903CB36F2,SOQLLHX12AF72A3586,DAVE MATTHEWS BAND,The Space Between
TRAPVXU128F149E7CD,SOVPIUN12A6D4F8F1E,Faces,Stay With Me
TRAGNBQ128F149CB93,SOYVCJU12A67AD8617,Fall Out Boy,The Carpal Tunnel Of Love
TRAQJMP128F92E3821,SOYCHDB12A8C13F2C8,Muse,Can't Take My Eyes Off You
TRAEFON128E078C6F8,SOPMKMD12A67020BD9,MC5,Miss X (LP Version)
TRBEATE128E078F0D8,SOUZUPV12A6701E56D,Bon Jovi,Only Lonely
TRAHQHK128F4288FC7,SOVIPHT12A8C139E9B,Bacilos,Sangre americana
TRBDUKK128F4241E90,SOGACRX12A8AE48009,Thrice,Alchemy Index Vol 1  Water 1 of 6
TRARDOK128F9300AB5,SORKFNI12AB018214B,Thrice,The Earth Isn't Humming
TRAWBHE12903CBC4CB,SOULTKQ12AB018A183,B.o.B,Nothin' On You [feat. Bruno Mars] (Album Version)
TRALEPN128F9311179,SOQLNEY12B0B8062FA,Arctic Monkeys,Dancing Shoes
TRAWOCY128F145B051,SOGQRTH12A6D4F41A0,Jay & The Americans,Some Enchanted Evening
TRBGKGR128F92EE206,SOPCZSP12A8C13F03A,Zeca Baleiro,Telegrama
TRADZQV128F14A5760,SOKYXSZ12A6D4F6E92,Little Eva,The Loco-Motion
TRBDOVF128E0795641,SOBEVGM12A67ADBCA7,Sean Paul,Baby Boy [feat. Beyonce]
TRASTIS128F92FA998,SOQRDOM12AB01809A9,Eri Esittäjiä,Dawn
TRADNPB128F423AEE7,SOIXCFZ12A8AE462F5,Modeselektor,Tetrispack
TRAURYF128F147805D,SOIZLKI12A6D4F7B61,Muse,Supermassive Black Hole (Album Version)
TRAOQRI128F424399C,SOKJRSY12A58A7AA78,Luke Vibert,Gwithian
TRAMKDJ128F92F3D8B,SOQVXCF12AF72A419B,The Mars Volta,Take The Veil Cerpin Taxt
TRATBNG128F92CADA8,SOKTJKI12A8C143254,Daddy Yankee,Llamado De Emergencia
TRAOZEJ128F428CCEA,SOARSSE12A58A7BA9A,OutKast,Wailin'
TRAIYZW128F9330F7D,SOJMUAN12AB0183911,Kanye West,Street Lights
TRAOHNR128F428CD58,SOJSJBM12A8C1390D7,OutKast featuring George Clinton,Synthesizer
TRAJDGB128F42882AC,SOTEZMZ12A8C138355,OutKast,Call Of Da Wild
TRAYQLP128F92FA224,SOKXYUW12A8C140229,Beyoncé feat. Slim Thug,Check On It
TRAQJMP128F92E3821,SOYCHDB12A8C13F2C8,Muse,Can't Take My Eyes Off You
TRBDHKL128F426BE45,SOKZTHA12A8C134830,Rihanna,Good Girl Gone Bad
TRAAGCZ128F93210FD,SOCHRXB12A8AE48069,Black Eyed Peas,Let's Get It Started
TRBDOVF128E0795641,SOBEVGM12A67ADBCA7,Sean Paul,Baby Boy [feat. Beyonce]
TRAAKDG128F42A0ECB,SOEHWGF12A6D4F8B2B,Shakira Featuring Wyclef Jean,Hips Don't Lie (featuring Wyclef Jean)
TRAIVMM12903CFAD62,SOLTIVF12AAFF43797,Bob Marley,Lively Up Yourself
TRASVOH12903CCDC0B,SOLZOBD12AB0185720,Usher,Hey Daddy (Daddy's Home)
TRAVBSQ128EF344B3C,SOAKDLX12A67ADAFC5,Charles Aznavour,Tant Que L'on S'aimera
TRBBSGI128F9309855,SODWYJZ12AB018240F,Fall Out Boy,America's Suitehearts
TRAMESI128F93509F7,SOQNPQX12A8C135E46,Britt Nicole,Set The World On Fire
TRBHKXX128F4252D02,SOAOPCG12AC468D27E,Radiohead,Everything In Its Right Place
TRAVVBW128F42819B2,SOFCFSC12B0B80ACDB,Belle & Sebastian,Stay Loose
TRARTEH128F423DBC1,SOSQIHH12A8C13370B,Radiohead,15 Step
TRASTMN12903CF98DB,SOXLQOI12AC3DF996D,Tin Hat Trio,Rubies_ Pearls_ And Emeralds
TRBDOVF128E0795641,SOBEVGM12A67ADBCA7,Sean Paul,Baby Boy [feat. Beyonce]
TRAURYF128F147805D,SOIZLKI12A6D4F7B61,Muse,Supermassive Black Hole (Album Version)
TRAKGDA128F423CBC8,SOJEJNX12A8AE49441,Tony Matterhorn,Dutty Wine
TRATKVY128EF35F97A,SOOXLKF12A6D4F594A,Maroon 5,Harder To Breathe
TRAVPOV128F429EC1B,SOFKEDR12A8C13D381,Plies featuring Tank,You (featuring Tank) (Amended Album Version)
TRAAGCZ128F93210FD,SOCHRXB12A8AE48069,Black Eyed Peas,Let's Get It Started
TRBCANP128F92FA6B9,SODQFQC12A8C13FD7A,Evanescence,Good Enough
TRBGWWM12903CCE627,SOBNCYQ12AB01876B5,Weezer,Mykel And Carli
TRAMSAY128F92ED0DD,SOIARWN12AF72A5A63,It Dies Today,Sixth of June
TRBIFGK128F92F23A2,SOTEFFR12A8C144765,The Killers,A Dustland Fairytale
TRALSOA128F4275F49,SOTSIIH12A8C13A516,Café Quijano,Poesía De Amor
TRAGSGF128E0780CA7,SOEHTZE12A6310F0F2,Coldplay,One I Love
TRANBUW128F933C645,SOUCKDH12A8C138FF5,Coldplay,Don't Panic
TRAAKDG128F42A0ECB,SOEHWGF12A6D4F8B2B,Shakira Featuring Wyclef Jean,Hips Don't Lie (featuring Wyclef Jean)
TRBDOVF128E0795641,SOBEVGM12A67ADBCA7,Sean Paul,Baby Boy [feat. Beyonce]
TRAAKDG128F42A0ECB,SOEHWGF12A6D4F8B2B,Shakira Featuring Wyclef Jean,Hips Don't Lie (featuring Wyclef Jean)
TRAPZYB128F9309217,SOGQNDO12AB0181930,Illya Kuryaki And The Valderramas,Ninja Mental
TRAADLN128F14832E9,SONQBUB12A6D4F8ED0,The Rolling Stones,Angie (1993 Digital Remaster)
TRBIFGK128F92F23A2,SOTEFFR12A8C144765,The Killers,A Dustland Fairytale
TRAFKRE128F932002B,SOPOPLW12A8C13A905,All Time Low,Umbrella
TRAEAEV128F1493757,SOXCKCV12A6D4F8F1F,DeGarmo & Key,He Has Risen (Communication Album Version)
TRAQFGR128EF34E7AF,SOEMXXF12A6D4F932C,David Arkenstone,Waterfall (Spirit Of The Rainforest Album Version)
TRALMTD128E07862AC,SOPOJVI12A58A7E706,Redman,Jam 4 U
TRANIJQ128F4298A10,SOUTCRW12A8C13D937,Kiss,Domino
TRBEEEP128F426C17D,SOMDCSV12A6D4FCC4E,A Day To Remember,The Plot To Bomb The Panhandle (Album Version)
TRBDSWA128F92FE70A,SOCQWMC12A8C1429D1,Randy Travis,On The Other Hand (Album Version)
TRAKSPS128F933B3D9,SORMLXW12A58A76039,Olivia Ruiz,Vitrier
TRALQGZ128F146F500,SOUYFXA12A6D4F8482,KT Tunstall,Boo Hoo
TRARUTP128E0797FC7,SOEKSGJ12A67AE227E,Linkin Park,Crawling (Album Version)
TRAPASL128F422BC00,SOKZSOY12A81C206D5,Monty Are I,In This Legacy
TRAYJFZ128F424ED48,SOMVECE12A8C131335,Mylon LeFevre,Without Him (Ryman Gospel Reunion Version)
TRAMGPM128F9311196,SODKJWI12A8151BD74,Arctic Monkeys,From The Ritz To The Rubble
TRAPCNK128F427D7B5,SODEIVI12A8C13266D,M83,You Appearing
TRANBUW128F933C645,SOUCKDH12A8C138FF5,Coldplay,Don't Panic
TRACYXW128F4297569,SOHWVJJ12AB0185F6D,Whitesnake,Fool For Your Loving
TRBAHBP128F42985D6,SOIPOJA12A8C13EDB7,The Misfits,We Bite
TRBBCVJ128F425BE2C,SOOTJIQ12A8C1368B9,Catupecu Machu,A Veces Vuelvo
TRBDSFP128E07937B9,SOUXANT12A6D4FB048,Temple Of The Dog,Hunger Strike
TRBHJPQ128E078ED8F,SOKESRD12A6701E91C,Queens Of The Stone Age,Everybody's Gonna Be Happy
TRANCOH128F422F31D,SOPLIYZ12A6D4FBB08,Silverstein,MY CONSOLATION (LP Version)
TRAAKDG128F42A0ECB,SOEHWGF12A6D4F8B2B,Shakira Featuring Wyclef Jean,Hips Don't Lie (featuring Wyclef Jean)
TRAUOPE128EF367610,SOWEUOO12A6D4F6D0C,Linkin Park,Given Up (Album Version)
TRARMWA128F424147D,SOABTKM12A8AE4721E,Ill Nino,Nothing's Clear (Album Version)
TRBBQGV12903CB5CD3,SOSIANM12AB018CC80,Usher Featuring The Nu Beginning,Only Human
TRBDSFP128E07937B9,SOUXANT12A6D4FB048,Temple Of The Dog,Hunger Strike
TRALEPN128F9311179,SOQLNEY12B0B8062FA,Arctic Monkeys,Dancing Shoes
TRAWMBE128F423A76C,SOGXSWA12A6D4FBC99,Lupe Fiasco feat. Matthew Santos,Fighters (feat. Matthew Santos) (Amended Album Version)
TRARTEH128F423DBC1,SOSQIHH12A8C13370B,Radiohead,15 Step
TRAGYMA128EF34B55E,SOCHPTV12A6BD53113,Lionel Rogg,Die Kunst der Fuge_ BWV 1080 (2007 Digital Remaster): Contrapunctus XVII - Inversus
TRAQGNV128C7196894,SOSDYAS12AB0180457,Blink-182,All Of This
TRAENVO128E0781A16,SOVMKKT12A58A7F0CC,Fun Lovin' Criminals,Love Unlimited (Explicit)
TRAOWBP128F4257C64,SOWGZFG12A8151AF41,Jack Johnson,Monsoon
TRALNJR128F145AC96,SOJHMFW12B0B80B79B,Beastie Boys,Shadrach
TRAWMBE128F423A76C,SOGXSWA12A6D4FBC99,Lupe Fiasco feat. Matthew Santos,Fighters (feat. Matthew Santos) (Amended Album Version)
TRBDODQ128F423A780,SOKZILC12A6D4FBC9D,Lupe Fiasco feat. GemStones,Go Baby (feat GemStones) (Explicit Album Version)
TRACECN128F9310E97,SOSYMSX12A6310DFE2,Radiohead,Subterranean Homesick Alien
TRBFEID128F42368AC,SOWXBLE12A6D4F8EE8,Lupe Fiasco,The Cool (Amended Album Version)
TRBCVBK128E07813EC,SOADCFY12A6310E353,Gorillaz,Rock The House (Radio Edit)
TRAVHLR128F146B476,SOPEGIG12A6D4F8CAB,Charly García,Asesíname
TRAICHS128E0785545,SOAXAPU12A67020EF9,Van Halen,"Dirty Movies\" (Album Version)"
TRBHKXX128F4252D02,SOAOPCG12AC468D27E,Radiohead,Everything In Its Right Place
TRARTEH128F423DBC1,SOSQIHH12A8C13370B,Radiohead,15 Step
TRBDOVF128E0795641,SOBEVGM12A67ADBCA7,Sean Paul,Baby Boy [feat. Beyonce]
TRADVGV128F42BCACE,SOZIMLB12AF72AD1CD,Avril Lavigne,Innocence
TRASVHD128F1465963,SOCEOAD12A5891FA33,Miguel Migs,The One
TRAIIRA128F931140A,SOXOUJH12A6D4FC39B,Kraftwerk,Pocket Calculator (2009 Digital Remaster)
TRAXLZU12903D05F94,SOCWJDB12A58A776AF,Rick Astley,Never Gonna Give You Up
TRAUONA128F4255A38,SOLJQBW12A6702187B,Gorillaz,November Has Come
TRAADLN128F14832E9,SONQBUB12A6D4F8ED0,The Rolling Stones,Angie (1993 Digital Remaster)
TRANIJQ128F4298A10,SOUTCRW12A8C13D937,Kiss,Domino
TRASVOH12903CCDC0B,SOLZOBD12AB0185720,Usher,Hey Daddy (Daddy's Home)
TRAFYGO128F42727E7,SORLLRN12A58A7F1EE,Beyoncé,Be With You
TRABJZT128F425C8DC,SOXTQOC12A6D4F6C56,The Pharcyde / Big Boy / Schmooche Cat / Randy Mack,The Hustle
TRBHLDQ128F423EF10,SOMKGQN12A8C1339D2,The White Stripes,Blue Orchid
TRAADLN128F14832E9,SONQBUB12A6D4F8ED0,The Rolling Stones,Angie (1993 Digital Remaster)
TRAVGFX128F14ADFED,SORFVTH12A58A7D001,Scott Wesley Brown,Pray For Me (One Step Closer Album Version)
TRAWBHE12903CBC4CB,SOULTKQ12AB018A183,B.o.B,Nothin' On You [feat. Bruno Mars] (Album Version)
TRACECN128F9310E97,SOSYMSX12A6310DFE2,Radiohead,Subterranean Homesick Alien
TRAGYMA128EF34B55E,SOCHPTV12A6BD53113,Lionel Rogg,Die Kunst der Fuge_ BWV 1080 (2007 Digital Remaster): Contrapunctus XVII - Inversus
TRAGYMA128EF34B55E,SOCHPTV12A6BD53113,Lionel Rogg,Die Kunst der Fuge_ BWV 1080 (2007 Digital Remaster): Contrapunctus XVII - Inversus
TRAADLN128F14832E9,SONQBUB12A6D4F8ED0,The Rolling Stones,Angie (1993 Digital Remaster)
TRAWCIC128F92FE36A,SOUEUYT12A58A7DB62,Despina Vandi,Gia
TRASRXK128F9311176,SOCGOZK12A8151BD5D,Arctic Monkeys,Fake Tales Of San Francisco
TRAMGPM128F9311196,SODKJWI12A8151BD74,Arctic Monkeys,From The Ritz To The Rubble
TRALEPN128F9311179,SOQLNEY12B0B8062FA,Arctic Monkeys,Dancing Shoes
TRADYQK128F42A762A,SORJVDO12AF72A1970,Muse,Stockholm Syndrome
TRAURYF128F147805D,SOIZLKI12A6D4F7B61,Muse,Supermassive Black Hole (Album Version)
TRAZCOX128F42B6555,SOXFSTR12A8AE463B0,Muse,The Small Print
TRBAHBP128F42985D6,SOIPOJA12A8C13EDB7,The Misfits,We Bite
TRAWMMI128F149CB27,SOTLLRE12A6D4F8EFF,Dexys Midnight Runners,Breaking Down The Walls Of Heartache
TRAGSGF128E0780CA7,SOEHTZE12A6310F0F2,Coldplay,One I Love
TRABLMN128E0792687,SOHSGTX12A67020685,Weezer,Don't Let Go
TRASPAS128E078DFB3,SOITBNC12AF72A0B2A,Bob Marley & The Wailers,Smile Jamaica
TRBBZOG128F422B02B,SONNYOP12A8AE45715,Death Cab for Cutie,You Can Do Better Than Me (Album Version)
TRBCJSZ128E07969B5,SOPMAEU12A67AE0C81,Coldplay,The World Turned Upside Down
TRALZBV128F4250E60,SOEBCBI12AF72A154F,The Knife,The Captain
TRBEQFT128F146BD6D,SOUACBM12A6D4F9664,Klaus Badelt,Moonlight Serenade
TRAAKDG128F42A0ECB,SOEHWGF12A6D4F8B2B,Shakira Featuring Wyclef Jean,Hips Don't Lie (featuring Wyclef Jean)
TRBHKCL128F425A036,SOQBMLT12A8AE45F50,George Michael,Shoot The Dog
TRAEVRI128F93608F3,SOFMMKA12A58A7CBF5,Phil Collins,Welcome
TRARPCK128F92FEA7F,SOXDMAC12AB017E7FF,Grizzly Bear,Little Brother
TRAADLN128F14832E9,SONQBUB12A6D4F8ED0,The Rolling Stones,Angie (1993 Digital Remaster)
TRBCVBK128E07813EC,SOADCFY12A6310E353,Gorillaz,Rock The House (Radio Edit)
TRBENDH128F1467D62,SOBVTQI12A6D4F80ED,Devo,Be Stiff (Live)
TRAKLHO128F42BA554,SOJDHGS12A6310D85E,The Rolling Stones,Rocks Off
TRAADLN128F14832E9,SONQBUB12A6D4F8ED0,The Rolling Stones,Angie (1993 Digital Remaster)
TRAVPOV128F429EC1B,SOFKEDR12A8C13D381,Plies featuring Tank,You (featuring Tank) (Amended Album Version)
TRAYQLP128F92FA224,SOKXYUW12A8C140229,Beyoncé feat. Slim Thug,Check On It
TRBDHKL128F426BE45,SOKZTHA12A8C134830,Rihanna,Good Girl Gone Bad
TRAIVMM12903CFAD62,SOLTIVF12AAFF43797,Bob Marley,Lively Up Yourself
TRAUOEY128F421CBD3,SOSELMV12A6D4FCF5A,Amy Winehouse,Valerie
TRAZORC128F426C323,SOGJPMB12A8C13A9DB,Cut Copy,Unforgettable Season
TRBDHKL128F426BE45,SOKZTHA12A8C134830,Rihanna,Good Girl Gone Bad
TRAUOXB128F146573B,SOUKMIK12A6D4F671E,Bryan Ferry,Ja Nun Hons Pris
TRAJEZT128E0795DF3,SOVOBYK12A67ADD753,Rea_ Chris,E
TRASDOI128F1480E28,SOJHUQN12A6D4F8EDE,Paramore,Emergency (Album Version)
TRBAFIP128F42438D8,SOVTZTF12A8C130A1A,Alexander O'Neal,Secret Lovers (Featuring Mica Paris)
TRAAEEH128E0795DFE,SODHVES12A6701CE6B,Chris Rea,Driving Home For Christmas
TRAGNBQ128F149CB93,SOYVCJU12A67AD8617,Fall Out Boy,The Carpal Tunnel Of Love
TRBIFGK128F92F23A2,SOTEFFR12A8C144765,The Killers,A Dustland Fairytale
TRBCJUF128F93190C2,SOHIHSR12AB0184E8F,Lily Allen,Everyone's At It
TRAWBHE12903CBC4CB,SOULTKQ12AB018A183,B.o.B,Nothin' On You [feat. Bruno Mars] (Album Version)
TRAVHLR128F146B476,SOPEGIG12A6D4F8CAB,Charly García,Asesíname
TRBHQUM128F9309DE1,SOEILXI12AB017CBA6,Broadcast,Michael A Grammar
TRAVOHH128F4247EF9,SOMMALW12A58A79E93,Ashton Shepherd,Sounds So Good
TRBDOVF128E0795641,SOBEVGM12A67ADBCA7,Sean Paul,Baby Boy [feat. Beyonce]
TRACFZI128E0795424,SOCTJIL12A67ADAF3F,Saosin,Bury Your Head
TRAYQLP128F92FA224,SOKXYUW12A8C140229,Beyoncé feat. Slim Thug,Check On It
TRAUOPE128EF367610,SOWEUOO12A6D4F6D0C,Linkin Park,Given Up (Album Version)
TRALVNT128F931C4C6,SOCPYWK12AB01832C7,Vex'd,Canyon
TRALAKV12903CBD7F6,SOGMOAM12AB0189876,Zebra,Take Your Fingers From My Hair  (LP Version)
TRAUOEY128F421CBD3,SOSELMV12A6D4FCF5A,Amy Winehouse,Valerie
TRASVOH12903CCDC0B,SOLZOBD12AB0185720,Usher,Hey Daddy (Daddy's Home)
TRAFGMJ128F930F532,SOIVGLD12AB0183ACA,4Him,Wings
TRABQZK128F92F54F4,SOSMXVH12A58A7CA6C,Shakira,Pienso En Ti
TRATTGW128F427A82D,SOMGPML12A8C13AE8C,Foals,Red Socks Pugie
TRBIFGK128F92F23A2,SOTEFFR12A8C144765,The Killers,A Dustland Fairytale
TRAURYF128F147805D,SOIZLKI12A6D4F7B61,Muse,Supermassive Black Hole (Album Version)
TRALMTD128E07862AC,SOPOJVI12A58A7E706,Redman,Jam 4 U
TRAHYMJ128E0787801,SOAZIRE12A6702046F,Red Hot Chili Peppers,Venice Queen (Album Version)
TRAHBQT128F4213403,SOCFXMH12A6D4FD1B8,Blackalicious,Ego Trip by Nikki Giovanni
TRASXYB128F428DFF3,SOORODQ12A8C13C342,Blackalicious,World Of Vibrations (Album Version)
TRADCHC128F42134B5,SOQQABM12AF729A392,Blackalicious,Rock the Spot
TRBGDSJ128F931BB2B,SOGPIHB12A8C13EFB0,Hot Club Of Cowtown,The Magic Violin
TRAZGQQ128F4278C1A,SOMBTZH12A8C13BB75,Del The Funky Homosapien,Corner Story
TRAOTVH12903CA2DE6,SORRETW12A58A7A840,Busdriver featuring Abstract Rude & Ellay Khule,Map Your Psyche
TRAQHNX128E07822A7,SOUPVWK12A6310EF7A,Radiohead,Fast-Track
TRAFMHY128F92FDDBF,SOVVITW12A8C146BD0,Del Tha Funkee Homosapien,Ya Lil' Crumbsnatchers (LP Version)
TRAMCGL128F92F3D87,SOEIQUY12AF72A086A,The Mars Volta,Eriatarka
TRBEDVH128F14599C7,SOTXXBT12A6D4F6B25,Shaggy / Brian & Tony Gold,Hey Sexy Lady
TRABUSZ128F4257BAB,SOVLDWE12A8AE47F3E,Ini Kamoze,Here Comes The Hotstepper
TRAPIPG128F42521C6,SOAVGKZ12A81C1FD16,Carlos Vives,Decimas
TRALDUE128F9312AF2,SOOPVJI12AB0183957,Snow Patrol,Just Say Yes
TRAFSAP128E0780ECF,SODNQJO12A6310F970,Wang Chung,Dance Hall Days
TRAYQLP128F92FA224,SOKXYUW12A8C140229,Beyoncé feat. Slim Thug,Check On It
TRARUTP128E0797FC7,SOEKSGJ12A67AE227E,Linkin Park,Crawling (Album Version)
TRBDOVF128E0795641,SOBEVGM12A67ADBCA7,Sean Paul,Baby Boy [feat. Beyonce]
TRAYQLP128F92FA224,SOKXYUW12A8C140229,Beyoncé feat. Slim Thug,Check On It
TRASVOH12903CCDC0B,SOLZOBD12AB0185720,Usher,Hey Daddy (Daddy's Home)
TRAIYZW128F9330F7D,SOJMUAN12AB0183911,Kanye West,Street Lights
TRAOKSC128F4264989,SOBGRIE12A8C132032,K's Choice,A Sound That Only You Can Hear
TRASDOI128F1480E28,SOJHUQN12A6D4F8EDE,Paramore,Emergency (Album Version)
TRASRXK128F9311176,SOCGOZK12A8151BD5D,Arctic Monkeys,Fake Tales Of San Francisco
TRAMGPM128F9311196,SODKJWI12A8151BD74,Arctic Monkeys,From The Ritz To The Rubble
TRALEPN128F9311179,SOQLNEY12B0B8062FA,Arctic Monkeys,Dancing Shoes
TRAWRKT128E0788857,SOQHWMN12A6701E2D9,Rise Against,Swing Life Away
TRAWOPG128F92EF9A1,SOFDYYA12A58A78E73,The Exciters,Tell Him
TRBIFWB128F1460D8C,SONBMJI12A6D4F82B7,Mötley Crüe,Merry-Go-Round
TRATKVY128EF35F97A,SOOXLKF12A6D4F594A,Maroon 5,Harder To Breathe
TRAGEVS128F145FEAD,SOXAUYW12A6D4F7DAB,April Wine,Say Hello
TRARUTP128E0797FC7,SOEKSGJ12A67AE227E,Linkin Park,Crawling (Album Version)
TRBIBLJ12903CCF436,SOMNXCC12AB0187BE7,Madonna,Papa Don't Preach
TRBAUVN128F932FEF8,SOMTXSB12AF72ACC38,Britney Spears,Oops!...I Did It Again
TRAGNBQ128F149CB93,SOYVCJU12A67AD8617,Fall Out Boy,The Carpal Tunnel Of Love
TRAFJIW128E078E1DE,SOQOXXW12AF729F20B,Black Eyed Peas / Les Nubians / Mos Def,On My Own
TRAPCIQ128F4241A74,SOZQDRV12A8C133FB1,The Cardigans,Rise & Shine
TRAZDPO128E078ECE6,SOHTQAS12A6701C7BA,Aerosmith,Crazy
TRAADLN128F14832E9,SONQBUB12A6D4F8ED0,The Rolling Stones,Angie (1993 Digital Remaster)
TRALSOA128F4275F49,SOTSIIH12A8C13A516,Café Quijano,Poesía De Amor
TRAURYF128F147805D,SOIZLKI12A6D4F7B61,Muse,Supermassive Black Hole (Album Version)
TRAYJOF128F92F9EEA,SOAYXCJ12AB0183822,Kelly Clarkson,Cry
TRBBQFV128F4252EFF,SOPZHFK12A8C135493,Jack Johnson,Adrift
TRARTEH128F423DBC1,SOSQIHH12A8C13370B,Radiohead,15 Step
TRASSZI128F146EC5F,SOUEFNG12A6D4F8640,Snow Patrol,In My Arms
TRAOWBP128F4257C64,SOWGZFG12A8151AF41,Jack Johnson,Monsoon
TRAOAYQ12903CFE05C,SOWVTCS12AC468543B,Justin,Show Me
TRATBNY128F1485A4A,SOEVMQS12A6D4F9A77,Janet Paschal,He'll Deliver Me
TRANBUW128F933C645,SOUCKDH12A8C138FF5,Coldplay,Don't Panic
TRBAAOT128F4261A18,SOBHHUS12A58A78589,Harry Connick_ Jr.,Once
TRARTEH128F423DBC1,SOSQIHH12A8C13370B,Radiohead,15 Step
TRANFMB128F146631E,SOAXRPH12A6D4F802D,Bow Wow Wow,C30 C60 C90 Go
TRABYEY128F933773A,SOUJNFK12AB0186B86,Anti-Flag,This Is NOT a Crass Song
TRAWBHE12903CBC4CB,SOULTKQ12AB018A183,B.o.B,Nothin' On You [feat. Bruno Mars] (Album Version)
TRAGDLM128F4233397,SOKNFFM12A81C216F3,Mago de Oz,Desde mi cielo
TRADVBS128F4223455,SOQCDQE12A6D4F7682,Malcolm McLaren,You Need Hands (1993 Digital Remaster)
TRAGSGF128E0780CA7,SOEHTZE12A6310F0F2,Coldplay,One I Love
TRAEQOS128F92EFD47,SOIEAJT12A8AE458EC,The Fray,Vienna
TRAURYF128F147805D,SOIZLKI12A6D4F7B61,Muse,Supermassive Black Hole (Album Version)
TRAVFEW128F92E2B47,SOTJZBJ12A8C143A71,Alice Cooper,Be My Lover
TRAXGLQ12903CDBF13,SOVFUXP12AB018F6F0,Dropkick Murphys,Johnny_ I Hardly Knew Ya
TRAUOPE128EF367610,SOWEUOO12A6D4F6D0C,Linkin Park,Given Up (Album Version)
TRAURYF128F147805D,SOIZLKI12A6D4F7B61,Muse,Supermassive Black Hole (Album Version)
TRAWMBE128F423A76C,SOGXSWA12A6D4FBC99,Lupe Fiasco feat. Matthew Santos,Fighters (feat. Matthew Santos) (Amended Album Version)
TRBBZOG128F422B02B,SONNYOP12A8AE45715,Death Cab for Cutie,You Can Do Better Than Me (Album Version)
TRABCKL128F423A778,SOWQTQZ12A58A7B63E,Lupe Fiasco,Streets On Fire (Explicit Album Version)
TRBFEID128F42368AC,SOWXBLE12A6D4F8EE8,Lupe Fiasco,The Cool (Amended Album Version)
TRAAKDG128F42A0ECB,SOEHWGF12A6D4F8B2B,Shakira Featuring Wyclef Jean,Hips Don't Lie (featuring Wyclef Jean)
TRAQFGR128EF34E7AF,SOEMXXF12A6D4F932C,David Arkenstone,Waterfall (Spirit Of The Rainforest Album Version)
TRATBNG128F92CADA8,SOKTJKI12A8C143254,Daddy Yankee,Llamado De Emergencia
TRAFHRS128F14599C0,SOPPBPK12A8C14683C,Semisonic,Secret Smile
TRAJFFF128F429874A,SOQLWQU12A8C13C87E,Lifehouse,Better Luck Next Time
TRAHUQT128F4281228,SOTYSQF12A8C13E0AA,Nickelback,We Will Rock You
TRARTEH128F423DBC1,SOSQIHH12A8C13370B,Radiohead,15 Step
TRBAJRL128F1482E66,SOBWXDJ12A58A7725D,The Summer Obsession,Where You Belong
TRAUBDS128F931A703,SONHWEW12AF72A7F22,Atreyu,Gallows (Album Version)
TRAWLYS12903CCFEFC,SOVAGPG12AB0189963,Joa~o Gilberto,Samba De Una Nota So´
TRANHYE128F92DE232,SOTNWCI12AAF3B2028,Taylor Swift,The Way I Loved You
TRAURYF128F147805D,SOIZLKI12A6D4F7B61,Muse,Supermassive Black Hole (Album Version)
TRBDTZX128F92DFA66,SONTXFB12A8C145C15,Jars Of Clay,Don't Stop
TRAZORC128F426C323,SOGJPMB12A8C13A9DB,Cut Copy,Unforgettable Season
TRAZCMR128F1462B51,SONGBWJ12A58A7AB4D,Generation X,Rock 'n' Roll
TRATTGW128F427A82D,SOMGPML12A8C13AE8C,Foals,Red Socks Pugie
TRAURYF128F147805D,SOIZLKI12A6D4F7B61,Muse,Supermassive Black Hole (Album Version)
TRADYQK128F42A762A,SORJVDO12AF72A1970,Muse,Stockholm Syndrome
TRAZCOX128F42B6555,SOXFSTR12A8AE463B0,Muse,The Small Print
TRAHTOP128F429484D,SOBHRGE12A8C13C81D,Ice Cube,Gangsta's Fairytale 2 (Explicit)
TRAWEIX128F14B0F05,SOUXEOI12A6D4FB18E,Pete Rock & C.L. Smooth,They Reminisce Over You (Single Version)
TRBBMHE128EF341D09,SOWPAXV12A67ADA046,Salt-N-Pepa,Push It
TRBCJUF128F93190C2,SOHIHSR12AB0184E8F,Lily Allen,Everyone's At It
TRAYQLP128F92FA224,SOKXYUW12A8C140229,Beyoncé feat. Slim Thug,Check On It
TRBCJSZ128E07969B5,SOPMAEU12A67AE0C81,Coldplay,The World Turned Upside Down
TRBHKXX128F4252D02,SOAOPCG12AC468D27E,Radiohead,Everything In Its Right Place
TRAADLN128F14832E9,SONQBUB12A6D4F8ED0,The Rolling Stones,Angie (1993 Digital Remaster)
TRBHKXX128F4252D02,SOAOPCG12AC468D27E,Radiohead,Everything In Its Right Place
TRAZBBP128E07845D4,SOODJPE12AB01815F8,Kanye West,School Spirit Skit 2
TRAWBHE12903CBC4CB,SOULTKQ12AB018A183,B.o.B,Nothin' On You [feat. Bruno Mars] (Album Version)
TRADZXK128F429DB92,SOSNQQX12AF729C44C,The Killers,Show You How
TRARUTP128E0797FC7,SOEKSGJ12A67AE227E,Linkin Park,Crawling (Album Version)
TRARCZH12903CF7D2F,SOGQWTX12AB017FD78,Bad Company,Rock Steady
TRAURYF128F147805D,SOIZLKI12A6D4F7B61,Muse,Supermassive Black Hole (Album Version)
TRBHLDQ128F423EF10,SOMKGQN12A8C1339D2,The White Stripes,Blue Orchid
TRAAEEH128E0795DFE,SODHVES12A6701CE6B,Chris Rea,Driving Home For Christmas
TRAAKDG128F42A0ECB,SOEHWGF12A6D4F8B2B,Shakira Featuring Wyclef Jean,Hips Don't Lie (featuring Wyclef Jean)
TRARUTP128E0797FC7,SOEKSGJ12A67AE227E,Linkin Park,Crawling (Album Version)
TRAURYF128F147805D,SOIZLKI12A6D4F7B61,Muse,Supermassive Black Hole (Album Version)
TRAWRKT128E0788857,SOQHWMN12A6701E2D9,Rise Against,Swing Life Away
TRANBUW128F933C645,SOUCKDH12A8C138FF5,Coldplay,Don't Panic
TRAWBHE12903CBC4CB,SOULTKQ12AB018A183,B.o.B,Nothin' On You [feat. Bruno Mars] (Album Version)
TRAGFUR128E078B8B3,SOLYAFD12A6702090E,Fat Joe,Get It Poppin' [Featuring Nelly]  (Album Version - Exp. Version) [Serban Main 4/20/05]
TRADJJZ128F9341B40,SOYNMIH12AB0181C0A,Donna The Buffalo,Tides Of Time
TRBDSWA128F92FE70A,SOCQWMC12A8C1429D1,Randy Travis,On The Other Hand (Album Version)
TRAQVTO128F14696A6,SONJBQX12A6D4F8382,Daft Punk,Da Funk
TRAWRKT128E0788857,SOQHWMN12A6701E2D9,Rise Against,Swing Life Away
TRAAKDG128F42A0ECB,SOEHWGF12A6D4F8B2B,Shakira Featuring Wyclef Jean,Hips Don't Lie (featuring Wyclef Jean)
TRAWBHE12903CBC4CB,SOULTKQ12AB018A183,B.o.B,Nothin' On You [feat. Bruno Mars] (Album Version)
TRBCANP128F92FA6B9,SODQFQC12A8C13FD7A,Evanescence,Good Enough
TRAQJMP128F92E3821,SOYCHDB12A8C13F2C8,Muse,Can't Take My Eyes Off You
TRAILKS128F14A3AC9,SOMURVQ12A67AD741A,K-OS,AquaCityBoy
TRATKVY128EF35F97A,SOOXLKF12A6D4F594A,Maroon 5,Harder To Breathe
TRAWRKT128E0788857,SOQHWMN12A6701E2D9,Rise Against,Swing Life Away
TRBFEID128F42368AC,SOWXBLE12A6D4F8EE8,Lupe Fiasco,The Cool (Amended Album Version)
TRASVOH12903CCDC0B,SOLZOBD12AB0185720,Usher,Hey Daddy (Daddy's Home)
TRBEMTB128F14ACBDF,SOGYYUL12A6D4FB2CB,Alan Silvestri,We're Out Of Gas
TRAFHRS128F14599C0,SOPPBPK12A8C14683C,Semisonic,Secret Smile
TRAAAFD128F92F423A,SOFSOCN12A8C143F5D,Gob,Face the Ashes
TRALNJR128F145AC96,SOJHMFW12B0B80B79B,Beastie Boys,Shadrach
TRAEQAB128F429C226,SOLOYFG12A8C133391,Bob Marley,Memphis
TRBEYYM128F1493C56,SOKMZQL12A58A76B19,Josh Groban,Believe (Album Version)
TRAYQLP128F92FA224,SOKXYUW12A8C140229,Beyoncé feat. Slim Thug,Check On It
TRAAGCZ128F93210FD,SOCHRXB12A8AE48069,Black Eyed Peas,Let's Get It Started
TRBDSWA128F92FE70A,SOCQWMC12A8C1429D1,Randy Travis,On The Other Hand (Album Version)
TRAGYMA128EF34B55E,SOCHPTV12A6BD53113,Lionel Rogg,Die Kunst der Fuge_ BWV 1080 (2007 Digital Remaster): Contrapunctus XVII - Inversus
TRAPVXU128F149E7CD,SOVPIUN12A6D4F8F1E,Faces,Stay With Me
TRASDOI128F1480E28,SOJHUQN12A6D4F8EDE,Paramore,Emergency (Album Version)
TRBHCQA128F149F192,SOZWVCA12A6D4F9774,Jimmy Wayne,She Runs
TRAZDPO128E078ECE6,SOHTQAS12A6701C7BA,Aerosmith,Crazy
TRAGSGF128E0780CA7,SOEHTZE12A6310F0F2,Coldplay,One I Love
TRAAKDG128F42A0ECB,SOEHWGF12A6D4F8B2B,Shakira Featuring Wyclef Jean,Hips Don't Lie (featuring Wyclef Jean)
TRAURYF128F147805D,SOIZLKI12A6D4F7B61,Muse,Supermassive Black Hole (Album Version)
TRAYQLP128F92FA224,SOKXYUW12A8C140229,Beyoncé feat. Slim Thug,Check On It
TRAIYDL128E0791583,SONQNPM12A67020A32,Rihanna,Music Of The Sun
TRAWBHE12903CBC4CB,SOULTKQ12AB018A183,B.o.B,Nothin' On You [feat. Bruno Mars] (Album Version)
TRAURYF128F147805D,SOIZLKI12A6D4F7B61,Muse,Supermassive Black Hole (Album Version)
TRAUUIF128F93232FE,SOPWHEV12AB017DC10,God Lives Underwater,Don't Know How To Be
TRAPGKY128F42972A9,SOZGQLE12AB018672C,Alexisonfire,Mailbox Arson
TRAWPKO128F423841E,SORKPVE12A81C20227,Van Halen,Runaround (Live Version)
TRAMKUA128F92ED3E1,SOZFGOG12A58A7F755,The Black Crowes,Ballad In Urgency
TRAPUDN128F423B45C,SONAEJC12A8AE45BB4,Slipknot,Gently (Album Version)
TRAJFDU128F426A5F4,SORKKTY12A8C132F3E,Silverchair,The Door
TRAURYF128F147805D,SOIZLKI12A6D4F7B61,Muse,Supermassive Black Hole (Album Version)
TRAPTOE128F4272000,SOWONPQ12A8BED02A8,Akon,Don't Matter
TRAPCNK128F427D7B5,SODEIVI12A8C13266D,M83,You Appearing
TRADOXP128F145C13A,SOIVSQZ12A6D4F68BF,Gang Starr Featuring Jeru The Damaja And Lil Dap,I'm The Man (Explicit) (Feat. Jeru The Damaja And Lil Dap)
TRASDOI128F1480E28,SOJHUQN12A6D4F8EDE,Paramore,Emergency (Album Version)
TRANTAD128F92FD042,SOKJITL12AB017E7FF,John Mayer,Who Did You Think I Was
TRBGKGR128F92EE206,SOPCZSP12A8C13F03A,Zeca Baleiro,Telegrama
TRAJFFF128F429874A,SOQLWQU12A8C13C87E,Lifehouse,Better Luck Next Time
TRAUOPE128EF367610,SOWEUOO12A6D4F6D0C,Linkin Park,Given Up (Album Version)
TRAURYF128F147805D,SOIZLKI12A6D4F7B61,Muse,Supermassive Black Hole (Album Version)
TRAZORC128F426C323,SOGJPMB12A8C13A9DB,Cut Copy,Unforgettable Season
TRAXRSK128F42B44D2,SOBMNXE12A8C140F8A,Bad Religion,Infected
TRAYYIN12903CAD8C6,SORVKAX12A8C1343AA,K-OS,Man I Used To Be
TRAQDUR128F931B4E9,SOYNEVM12AB018439A,Tom Petty,Wildflowers (Album Version)
TRBGCAK128F425F3CC,SOHHJYE12A8AE47599,The Prodigy,Firestarter
TRBIFGK128F92F23A2,SOTEFFR12A8C144765,The Killers,A Dustland Fairytale
TRADKAX128E0786B92,SOINDRZ12A6701DAF6,Death From Above 1979,Romantic Rights
TRATTGW128F427A82D,SOMGPML12A8C13AE8C,Foals,Red Socks Pugie
TRBDQLL128E078B757,SOFGXIF12A670215E4,Missy Higgins,Ten Days (Album Version)
TRBEGHL128F92F76E8,SOHQYKY12AB017A589,Alice In Chains,Would?
TRASDOI128F1480E28,SOJHUQN12A6D4F8EDE,Paramore,Emergency (Album Version)
TRATKVY128EF35F97A,SOOXLKF12A6D4F594A,Maroon 5,Harder To Breathe
TRANBUW128F933C645,SOUCKDH12A8C138FF5,Coldplay,Don't Panic
TRAAFYL128E07856A7,SOLRYQR12A670215BF,Van Halen,Panama (Remastered Album Version)
TRBGGBF128F425E4D1,SOBEHXG12A8C138D22,bel canto,Rumour (Abstract Hip Hop Mix)
TRAAKDG128F42A0ECB,SOEHWGF12A6D4F8B2B,Shakira Featuring Wyclef Jean,Hips Don't Lie (featuring Wyclef Jean)
TRBHLXQ128E07856AC,SOPDFZN12A670215C4,Van Halen,Why Can't This Be Love (Remastered Version)
TRBDMIN128F147FCBB,SOYHHHT12A6D4F7F97,Phil Collins,One More Night
TRAPJFL128F42AA7B4,SOAOOXO12AF72A787F,Foo Fighters,Still
TRAPIPG128F42521C6,SOAVGKZ12A81C1FD16,Carlos Vives,Decimas
TRBDMFL128F145F691,SOBCSFE12A6D4F814A,Selena,El Chico Del Apartamento 512
TRAXLZU12903D05F94,SOCWJDB12A58A776AF,Rick Astley,Never Gonna Give You Up
TRAGQLB128F422AB83,SOEFDKH12A58A7BECD,Orquesta Aragon,Eso No Tiene Remedio
TRALPXC128E07819A8,SOESQNH12A58A79AC3,Sex Pistols,Pretty Vacant
TRAOXJM128F4261E07,SOOGMXN12A8C13954F,Selena,Techno Cumbia
TRAWBHE12903CBC4CB,SOULTKQ12AB018A183,B.o.B,Nothin' On You [feat. Bruno Mars] (Album Version)
TRAOAYQ12903CFE05C,SOWVTCS12AC468543B,Justin,Show Me
TRAURYF128F147805D,SOIZLKI12A6D4F7B61,Muse,Supermassive Black Hole (Album Version)
TRAHQWU128F4277B78,SOYEJKC12A8C136E3D,Red I Flight,Of Myth And Men (Album Version)
TRAKQHM128F92FFDCA,SOSORMU12AAA15E6F2,Diego Verdaguer,Todos mentimos
TRBCMSO128F92E6AE5,SOTBYJX12AB0188922,Eagles Of Death Metal,(I Used To Couldn't Dance) Tight Pants
TRAYQLP128F92FA224,SOKXYUW12A8C140229,Beyoncé feat. Slim Thug,Check On It
TRBIFGK128F92F23A2,SOTEFFR12A8C144765,The Killers,A Dustland Fairytale
TRAYYGG128F1483C70,SOVPUVS12A6D4F7988,Shawn Colvin,These Four Walls
TRAURYF128F147805D,SOIZLKI12A6D4F7B61,Muse,Supermassive Black Hole (Album Version)
TRAOAYQ12903CFE05C,SOWVTCS12AC468543B,Justin,Show Me
TRAURYF128F147805D,SOIZLKI12A6D4F7B61,Muse,Supermassive Black Hole (Album Version)
TRBEBYV128F14A0B65,SOEORDW12A6D4FB045,ATB,Marrakech
TRAAMES128F42AF068,SOHTWLT12A8C13CFE1,Pearl Jam,Inside Job
TRAZRBF128F9317BF5,SOURIGQ12AB017FCA3,Jah Wobble & Bill Laswell,Subcode
TRAUMIT128F424DA18,SOHJIWJ12AB0184EF9,Weezer,Dope Nose
TRAFAJC128E078888B,SOGMESY12A67020F25,Queens Of The Stone Age,This Lullaby
TRACUXJ128E0785F2B,SOITFPA12A670201C6,The Rapture,Killing
TRAPGKY128F42972A9,SOZGQLE12AB018672C,Alexisonfire,Mailbox Arson
TRAVHCL128F93015C4,SOZZVMW12AB0183B52,Alexisonfire,Accept Crime (Album Version)
TRAAGCZ128F93210FD,SOCHRXB12A8AE48069,Black Eyed Peas,Let's Get It Started
TRAQEKD128F425293D,SODBPRG12A81C21AE1,Auf Der Maur,Taste You
TRANVZT128F42AE134,SODXQTB12A8C13F0F7,Dixie Chicks,Lullaby
TRBDHKL128F426BE45,SOKZTHA12A8C134830,Rihanna,Good Girl Gone Bad
TRBGITG128F422F3FB,SOJBELS12A6D4FCE9A,Beneath The Sky,No Such Thing As Control (Album Version)
TRASRXK128F9311176,SOCGOZK12A8151BD5D,Arctic Monkeys,Fake Tales Of San Francisco
TRAQFGR128EF34E7AF,SOEMXXF12A6D4F932C,David Arkenstone,Waterfall (Spirit Of The Rainforest Album Version)
TRBCFPP128E0781D6F,SOFKEIK12A6310D86A,The Rolling Stones,Stop Breaking Down (1994 Digital Remaster)
TRAUMIT128F424DA18,SOHJIWJ12AB0184EF9,Weezer,Dope Nose
TRADKAX128E0786B92,SOINDRZ12A6701DAF6,Death From Above 1979,Romantic Rights
TRAURYF128F147805D,SOIZLKI12A6D4F7B61,Muse,Supermassive Black Hole (Album Version)
TRAKLHO128F42BA554,SOJDHGS12A6310D85E,The Rolling Stones,Rocks Off
TRANCOS128F4267DFB,SOJSGWO12AF72A2C49,Mando Diao,All My Senses
TRAYQLP128F92FA224,SOKXYUW12A8C140229,Beyoncé feat. Slim Thug,Check On It
TRAUONA128F4255A38,SOLJQBW12A6702187B,Gorillaz,November Has Come
TRBHLDQ128F423EF10,SOMKGQN12A8C1339D2,The White Stripes,Blue Orchid
TRAADLN128F14832E9,SONQBUB12A6D4F8ED0,The Rolling Stones,Angie (1993 Digital Remaster)
TRALBOZ128F4251490,SOOBOKE12A8C136227,Dead Kennedys,The Man with the Dogs
TRACECN128F9310E97,SOSYMSX12A6310DFE2,Radiohead,Subterranean Homesick Alien
TRBIFGK128F92F23A2,SOTEFFR12A8C144765,The Killers,A Dustland Fairytale
TRAWPFY128F428A9CD,SOTUHWT12A58A7ABA9,Bad Religion,Epiphany
TRAKYWY128F9310CF4,SOUHJKU12AB017DF67,Radiohead,Stop Whispering (US Version)
TRAMRFE128F4267DF3,SOYDZUT12A8C13677D,Mando Diao,Annie's Angle
TRADFXD128F424694C,SOYXFLF12A6D4FBF4E,Mando Diao,Misty Mountains
TRATHTH128F42BC347,SOZAPQT12A8C142821,Kings Of Leon,Ragoo
TRAWCQE128F14676AC,SOZCARG12A6D4F74D1,Lifehouse,Simon
TRATBNG128F92CADA8,SOKTJKI12A8C143254,Daddy Yankee,Llamado De Emergencia
TRAXRSK128F42B44D2,SOBMNXE12A8C140F8A,Bad Religion,Infected
TRASPTN128F14B0EF2,SORNVVT12AF72A0C39,MC5,Intro 2/ Kick Out The Jams (LP Version)
TRAVKJI12903CF479A,SOXNUWK12A8C140027,Moonspell,Trebraruna
TRALSXX128F92F94B0,SOBSEGK12A58A7BEBF,Sex Pistols,Seventeen
TRAYQKQ128F1491182,SOJODUO12A6D4F69CD,Slick Rick,Kill Niggaz
TRAQDXL128F4260EB8,SOPKWKW12A8C1312BC,Jeff Beck,Head For Backstage Pass
